task_id,status,parent_commit,target_commit,parent_available,target_available,n_changed,n_production,n_test,n_test_added,n_test_modified,n_test_deleted,n_migration,n_config_or_infra,f2p_candidacy,test_command
saleor-rc-0179b331be38,OK,d5ff468f84bd400de9a66eeaf748f12a98f6276d,0179b331be386e5075b69b868a8a16005a563b56,True,True,2,1,1,0,1,0,0,0,MODIFIED_TEST_CANDIDATE,pytest saleor/product/tests/test_tasks.py
saleor-rc-02d266b6e34b,OK,cd6ea4e612cdc34525e8fcc1c4e51cb5daee959e,02d266b6e34b84d4cca5bcfc05d78490a1d10dec,True,True,1,1,0,0,0,0,0,0,NO_CHANGED_TEST_EVIDENCE,
saleor-rc-02dfdad9985b,OK,38b5f84f610f5ac6d4f19111480511bfa2f4332a,02dfdad9985b2ee573b6ab9f64b766fe73fe012c,True,True,5,4,1,0,1,0,0,0,MODIFIED_TEST_CANDIDATE,pytest saleor/graphql/checkout/tests/benchmark/test_checkout_mutations.py
saleor-rc-032b98afff20,OK,b093ceea356ff9a801205bfec22814daf878c1c3,032b98afff2026468336882ffc04f235243fc4fc,True,True,40,3,37,0,37,0,0,0,MODIFIED_TEST_CANDIDATE,pytest saleor/checkout/tests/test_actions.py; pytest saleor/graphql/checkout/tests/mutations/test_checkout_add_promo_code.py; pytest saleor/graphql/checkout/tests/mutations/test_checkout_billing_address_update.py; pytest saleor/graphql/checkout/tests/mutations/test_checkout_create.py; pytest saleor/graphql/checkout/tests/mutations/test_checkout_customer_attach.py; pytest saleor/graphql/checkout/tests/mutations/test_checkout_customer_detach.py; pytest saleor/graphql/checkout/tests/mutations/test_checkout_customer_note_update.py; pytest saleor/graphql/checkout/tests/mutations/test_checkout_delivery_method_update.py; pytest saleor/graphql/checkout/tests/mutations/test_checkout_email_update.py; pytest saleor/graphql/checkout/tests/mutations/test_checkout_language_code_update.py; pytest saleor/graphql/checkout/tests/mutations/test_checkout_line_delete.py; pytest saleor/graphql/checkout/tests/mutations/test_checkout_lines_delete.py; pytest saleor/graphql/checkout/tests/mutations/test_checkout_shipping_address_update.py; pytest saleor/graphql/checkout/tests/mutations/test_checkout_shipping_method_update.py; pytest saleor/graphql/meta/tests/mutations/test_checkout.py; pytest saleor/graphql/meta/tests/mutations/test_order.py; pytest saleor/graphql/order/tests/mutations/test_draft_order_complete.py; pytest saleor/graphql/order/tests/mutations/test_draft_order_create.py; pytest saleor/graphql/order/tests/mutations/test_draft_order_delete.py; pytest saleor/graphql/order/tests/mutations/test_draft_order_update.py; pytest saleor/graphql/order/tests/mutations/test_order_cancel.py; pytest saleor/graphql/order/tests/mutations/test_order_capture.py; pytest saleor/graphql/order/tests/mutations/test_order_confirm.py; pytest saleor/graphql/order/tests/mutations/test_order_fulfill.py; pytest saleor/graphql/order/tests/mutations/test_order_line_delete.py; pytest saleor/graphql/order/tests/mutations/test_order_line_update.py; pytest saleor/graphql/order/tests/mutations/test_order_lines_create.py; pytest saleor/graphql/order/tests/mutations/test_order_note_add.py; pytest saleor/graphql/order/tests/mutations/test_order_note_update.py; pytest saleor/graphql/order/tests/mutations/test_order_update.py; pytest saleor/graphql/order/tests/mutations/test_order_update_shipping.py; pytest saleor/order/tests/test_order_actions.py; pytest saleor/order/tests/test_tasks.py; pytest saleor/plugins/webhook/tests/test_webhook.py; pytest saleor/webhook/tests/subscription_webhooks/test_webhook.py; pytest saleor/webhook/tests/test_webhook_protocols.py; pytest saleor/webhook/transport/tests/test_utils.py
saleor-rc-03be7057c1f1,OK,cab567b9fe5cb88172d618286f4233c8385df9b6,03be7057c1f1d920d0f5498e3f7669f9f94cb327,True,True,4,3,1,0,1,0,0,0,MODIFIED_TEST_CANDIDATE,pytest saleor/payment/gateways/adyen/tests/webhooks/test_handle_notifications.py
saleor-rc-03c5a9916858,OK,4f396ca0985a2cb3d4e3f916e5a0c6f4612963a1,03c5a991685858368c98cb260e8faf75cd07496b,True,True,4,2,2,0,2,0,0,0,MODIFIED_TEST_CANDIDATE,pytest saleor/graphql/menu/tests/deprecated/test_menu.py; pytest saleor/graphql/product/tests/deprecated/test_product.py
saleor-rc-05bdc7feb9ac,OK,376da3af89b4b8c55b5596bd59f641da21128d73,05bdc7feb9acfba14424dc97a6dbefdd8ab8ecae,True,True,17,8,8,4,4,0,1,0,STRONG_F2P_CANDIDATE,pytest saleor/graphql/order/tests/test_fulfillment.py; pytest saleor/graphql/order/tests/test_fulfillment_refund_products.py; pytest saleor/graphql/order/tests/test_fulfillment_return_products.py; pytest saleor/graphql/order/tests/test_order.py; pytest saleor/order/tests/test_order_actions.py; pytest saleor/order/tests/test_order_actions_create_fulfillments_for_returned_products.py; pytest saleor/order/tests/test_order_actions_refund_products.py; pytest saleor/tests/fixtures.py
saleor-rc-069b6a39f683,OK,f3bf3e6f6fc9d54c356d83193d00f7cc128ab305,069b6a39f68344aa3bb9a4e30e4bf2ecaf64b9a2,True,True,1,1,0,0,0,0,0,0,NO_CHANGED_TEST_EVIDENCE,
saleor-rc-070f4bd7c042,OK,7e43b1e3588e8a8553d16d075e24fa236a04416a,070f4bd7c042714c6400e196c8da51fe83e2b840,True,True,2,2,0,0,0,0,0,0,NO_CHANGED_TEST_EVIDENCE,
saleor-rc-0713acb0f004,OK,d0e187099cf330bd457940f9fc9bec000799f0fc,0713acb0f004fb2e139fadec4788d7eb66db6bec,True,True,2,2,0,0,0,0,0,0,NO_CHANGED_TEST_EVIDENCE,
saleor-rc-07c8859c0ac3,OK,b8f2389a0dcd891f20034001cf4b81f48d3ad786,07c8859c0ac3031174d6946371341c93175d176a,True,True,3,2,1,0,1,0,0,0,MODIFIED_TEST_CANDIDATE,pytest saleor/graphql/shop/tests/mutations/test_shop_settings_update.py
saleor-rc-07f02e2c40ae,OK,77e8e3d61a39982e813e1b757badb3d444f6dd20,07f02e2c40ae9357db33f6e24068ccd3095eace4,True,True,23,12,9,0,9,0,2,0,MODIFIED_TEST_CANDIDATE,pytest saleor/checkout/tests/test_calculations.py; pytest saleor/graphql/tax/tests/fragments.py; pytest saleor/graphql/tax/tests/mutations/test_tax_configuration_update.py; pytest saleor/graphql/tax/tests/queries/test_tax_configuration.py; pytest saleor/order/tests/benchmark/test_fetch_order_prices.py; pytest saleor/order/tests/test_calculations.py; pytest saleor/tax/tests/test_checkout_calculations.py; pytest saleor/tax/tests/test_order_calculations.py; pytest saleor/tax/tests/test_utils.py
saleor-rc-094b1ec0f610,OK,f2f142aa3db27e35ef88418cf79bff854847925e,094b1ec0f61011d423c04a736976f3286037d5a1,True,True,22,12,7,0,7,0,3,0,MODIFIED_TEST_CANDIDATE,pytest saleor/checkout/tests/test_order_from_checkout.py; pytest saleor/graphql/checkout/tests/test_checkout_complete.py; pytest saleor/graphql/order/tests/test_order.py; pytest saleor/graphql/payment/tests/mutations/test_transaction_create.py; pytest saleor/graphql/payment/tests/mutations/test_transaction_update.py; pytest saleor/order/tests/test_order.py; pytest saleor/payment/tests/test_payment.py
saleor-rc-0ad61b3f0096,OK,4143432458dfe30420c025f71b492611c22b14da,0ad61b3f0096a50a0ec8e80b2c1905b06e11aa7d,True,True,7,2,5,0,5,0,0,0,MODIFIED_TEST_CANDIDATE,pytest saleor/app/tests/test_installation_utils.py; pytest saleor/app/tests/test_validators.py; pytest saleor/graphql/app/tests/benchmarks/test_app_extensions.py; pytest saleor/graphql/app/tests/queries/test_app_extension.py; pytest saleor/graphql/app/tests/queries/test_app_extensions.py
saleor-rc-0b46c89dfd9e,OK,c27cc94d06ff246bbef2b51968853d4336cc15ad,0b46c89dfd9e5e22defb45cbd9869403a7817320,True,True,9,5,4,0,4,0,0,0,MODIFIED_TEST_CANDIDATE,pytest saleor/graphql/product/tests/benchmark/test_variant_stocks.py; pytest saleor/graphql/product/tests/test_bulk_delete.py; pytest saleor/graphql/product/tests/test_variant.py; pytest saleor/graphql/product/tests/test_variant_channel_listing_update.py
saleor-rc-0c1062eb0da6,OK,92b559b9f451758b1b8ab0d3ff344aa013c129c5,0c1062eb0da691a67f6edb7babacea694d666830,True,True,4,3,1,0,1,0,0,0,MODIFIED_TEST_CANDIDATE,pytest saleor/webhook/tests/test_webhook_validators.py
saleor-rc-0df62b3144b0,OK,e1b52de9f506aef41ce6142ecc8b5a90254c0f7c,0df62b3144b0ef536b8ecc96aaa2a51f3b8ee175,True,True,12,7,5,0,5,0,0,0,MODIFIED_TEST_CANDIDATE,pytest saleor/plugins/webhook/tests/test_observability.py; pytest saleor/webhook/observability/tests/conftest.py; pytest saleor/webhook/observability/tests/test_buffer.py; pytest saleor/webhook/observability/tests/test_payloads.py; pytest saleor/webhook/observability/tests/test_utils.py
saleor-rc-0e895847d8ae,OK,4046e3c1f00ab14bf209da9f35c0576751448796,0e895847d8aee6399aedb00420cf602a31eb9094,True,True,2,1,1,0,1,0,0,0,MODIFIED_TEST_CANDIDATE,pytest saleor/core/telemetry/tests/test_utils.py
saleor-rc-0f16ed78b02b,OK,f7a1563b85bc826e76513560d5223e04aafe3e86,0f16ed78b02b579fb2ba90e5647319a9c5a3f9da,True,True,4,2,2,0,2,0,0,0,MODIFIED_TEST_CANDIDATE,pytest saleor/graphql/order/tests/mutations/test_fulfillment_cancel.py; pytest saleor/order/tests/test_order_actions.py
saleor-rc-0fd3a4d986a0,OK,b7b4c69d292004430ff4b9ca7ec01ab49510778d,0fd3a4d986a00ebe182729316b70c87601ffc972,True,True,5,3,2,0,2,0,0,0,MODIFIED_TEST_CANDIDATE,pytest saleor/account/tests/test_notifications.py; pytest saleor/plugins/user_email/tests/test_tasks.py
saleor-rc-1075496c64dd,OK,a76e77e495a0baa424eba9215635c3f44dad3f0d,1075496c64dd024d3a8d7e128ebb3269ae5e0b30,True,True,4,1,0,0,0,0,3,0,NO_CHANGED_TEST_EVIDENCE,
saleor-rc-10889526d151,OK,2e78fb5bcf8b83a6278af02551a104cfa555a1fb,10889526d151d0817d6ca41fdf876e95921a255d,True,True,2,1,1,0,1,0,0,0,MODIFIED_TEST_CANDIDATE,pytest saleor/graphql/invoice/tests/test_send_invoice_notification.py
saleor-rc-11756ee6b65a,OK,85081e46f19a4241d1accec29457320ea1f8d6a2,11756ee6b65a255869f551e838edec1742b1c2ce,True,True,3,1,2,0,2,0,0,0,MODIFIED_TEST_CANDIDATE,pytest saleor/webhook/tests/subscription_webhooks/subscription_queries.py; pytest saleor/webhook/tests/subscription_webhooks/test_create_deliveries_for_subscription.py
saleor-rc-12007c00e480,OK,d57ac9dcdbf9e04ef04f54fef67aacbc3be38686,12007c00e480f15c7823d5c10f1c29b5535ad34b,True,True,10,6,3,0,3,0,1,0,MODIFIED_TEST_CANDIDATE,pytest saleor/graphql/shipping/tests/benchmark/test_shipping_methods.py; pytest saleor/graphql/shipping/tests/test_shipping_method.py; pytest saleor/shipping/tests/test_shipping.py
saleor-rc-12b7ff7a4d0f,OK,caf71284bccc9f614401c30d33fb1a55a728dfae,12b7ff7a4d0f81468ec39c5f5de7bf0d26128dcf,True,True,1,1,0,0,0,0,0,0,NO_CHANGED_TEST_EVIDENCE,
saleor-rc-138ee68c3818,OK,8d02d27fa913c0d2453408d22d16e6f255ebb60c,138ee68c3818affda0de12010f561fbf4d2caf9e,True,True,2,1,1,0,1,0,0,0,MODIFIED_TEST_CANDIDATE,pytest saleor/graphql/invoice/tests/test_invoice_request.py
saleor-rc-149c7422d0ec,OK,ee249610d475c45a4bfe91fd43ca9380aecca134,149c7422d0ec6c48317a7ee5998dbddb0375738c,True,True,1,1,0,0,0,0,0,0,NO_CHANGED_TEST_EVIDENCE,
saleor-rc-14a682044ca4,OK,7a95ee2c6ce251102d269cbcda5739f2705f5f04,14a682044ca49af5406781e8b921fce6fe4f3d85,True,True,32,12,15,0,15,0,5,0,MODIFIED_TEST_CANDIDATE,pytest saleor/checkout/tests/test_checkout_complete.py; pytest saleor/checkout/tests/test_order_from_checkout.py; pytest saleor/graphql/checkout/tests/mutations/test_checkout_complete_with_payment.py; pytest saleor/graphql/checkout/tests/mutations/test_checkout_complete_with_transactions.py; pytest saleor/graphql/order/tests/deprecated/test_order.py; pytest saleor/graphql/order/tests/mutations/test_draft_order_create.py; pytest saleor/graphql/order/tests/mutations/test_draft_order_update.py; pytest saleor/graphql/order/tests/queries/test_order.py; pytest saleor/order/tests/test_apply_order_discount.py; pytest saleor/order/tests/test_calculations.py; pytest saleor/order/tests/test_fetch_order_prices.py; pytest saleor/plugins/avatax/tests/test_avatax.py; pytest saleor/plugins/webhook/tests/subscription_webhooks/test_create_deliveries_for_taxes.py; pytest saleor/tax/tests/test_order_calculations.py; pytest saleor/tests/fixtures.py
saleor-rc-14f2176b5d8c,OK,8cbaad3e697a8824fa7cf0671dc88bdaa415c245,14f2176b5d8c7da0b20bec1806d7f274b23baf2c,True,True,5,4,1,0,1,0,0,0,MODIFIED_TEST_CANDIDATE,pytest saleor/graphql/product/tests/test_category_filtering.py
saleor-rc-17c8d807b3d1,OK,be06b9b569b0550a6aeb68e8137230d5d687fe58,17c8d807b3d1e1fb2edcff22a63181af94033526,True,True,4,1,3,0,3,0,0,0,MODIFIED_TEST_CANDIDATE,pytest saleor/graphql/attribute/tests/mutations/test_attribute_create.py; pytest saleor/graphql/attribute/tests/mutations/test_attribute_update.py; pytest saleor/graphql/product/tests/queries/test_product_query.py
saleor-rc-18430f2a7a16,OK,dd633884b53c940415c0273c558cd7c9aee46771,18430f2a7a16e3ba35c8230e35f81cac1b92a386,True,True,3,1,2,0,2,0,0,0,MODIFIED_TEST_CANDIDATE,pytest saleor/payment/gateways/stripe/tests/conftest.py; pytest saleor/payment/gateways/stripe/tests/test_plugin.py
saleor-rc-18e25b92e0bd,OK,e3c5deb23ba198e0f2a123039bc0f9965f6bb152,18e25b92e0bdda4cbd27f0a50fea3e593daea8fe,True,True,4,4,0,0,0,0,0,0,NO_CHANGED_TEST_EVIDENCE,
saleor-rc-19bb9b070965,OK,c04fd3dab1c35892748328fce34723659f3bc707,19bb9b0709654010d1b4e4e9049af119d3b28815,True,True,8,6,2,0,2,0,0,0,MODIFIED_TEST_CANDIDATE,pytest saleor/discount/tests/test_discounts.py; pytest saleor/webhook/tests/subscription_webhooks/test_create_deliveries_for_taxes.py
saleor-rc-1a8b592913a0,OK,df451b527e115bb24383ba0d5e87ad5f03f959be,1a8b592913a0cadca6d0b171e9afb2f8e4b823f6,True,True,4,2,2,0,2,0,0,0,MODIFIED_TEST_CANDIDATE,pytest saleor/graphql/order/tests/mutations/test_draft_order_update.py; pytest saleor/graphql/order/tests/mutations/test_order_update_shipping.py
saleor-rc-1abda1e0d36e,OK,54270055c39318884023254430698563d8f961dd,1abda1e0d36e73402bd7581646b0db5ac647e973,True,True,5,3,2,1,1,0,0,0,STRONG_F2P_CANDIDATE,pytest saleor/graphql/checkout/tests/benchmark/test_checkout_mutations.py; pytest saleor/plugins/webhook/tests/test_list_shipping_methods_for_checkout.py
saleor-rc-1af1c3a368ec,OK,7a1a4bdec3629ad456b926c6b6e84083224c98e3,1af1c3a368ec7488f7460a059f20d8db4bf5bd99,True,True,18,11,7,0,7,0,0,0,MODIFIED_TEST_CANDIDATE,pytest saleor/graphql/account/tests/test_account.py; pytest saleor/graphql/product/tests/benchmark/test_product.py; pytest saleor/graphql/product/tests/mutations/test_product_media_delete.py; pytest saleor/graphql/product/tests/queries/test_product_query.py; pytest saleor/graphql/product/tests/test_category.py; pytest saleor/graphql/product/tests/test_collection.py; pytest saleor/plugins/webhook/tests/subscription_webhooks/subscription_queries.py
saleor-rc-1b4da5a88d08,OK,df2ee43e2d384ed5aa60ea2aace7f71308732289,1b4da5a88d08b71a5315749a0352ddd9cc0dad39,True,True,15,8,7,0,7,0,0,0,MODIFIED_TEST_CANDIDATE,pytest saleor/graphql/payment/tests/test_payment.py; pytest saleor/payment/gateways/adyen/tests/conftest.py; pytest saleor/payment/gateways/adyen/tests/test_plugin.py; pytest saleor/payment/gateways/adyen/tests/utils/test_common.py; pytest saleor/plugins/tests/sample_plugins.py; pytest saleor/plugins/tests/test_manager.py; pytest saleor/tests/fixtures.py
saleor-rc-1cc263035113,OK,5f6c4e6e9e28ce4dda81c872f39cbf03b02d2384,1cc263035113467f9c837067308353107a25ac02,True,True,3,3,0,0,0,0,0,0,NO_CHANGED_TEST_EVIDENCE,
saleor-rc-1cca40939fac,OK,f8a83b0303aaf208463f2d80f35e2958c20bcd62,1cca40939facb9276aa7087cfc5ddf6a6bde71f4,True,True,4,4,0,0,0,0,0,0,NO_CHANGED_TEST_EVIDENCE,
saleor-rc-1f47b503f69e,OK,a605021fc9065527f2d648f00f327140368f3e9c,1f47b503f69e6c027117b7da53fcdce39ed81751,True,True,4,2,2,0,2,0,0,0,MODIFIED_TEST_CANDIDATE,pytest saleor/payment/gateways/stripe/tests/conftest.py; pytest saleor/payment/gateways/stripe/tests/test_webhooks.py
saleor-rc-1f6fbe2ebf9b,OK,4946aa7d4818ccc6f64bb839f67b263418f77772,1f6fbe2ebf9b7224a09fbdc6d4b00e25ee8ca24b,True,True,3,2,1,0,1,0,0,0,MODIFIED_TEST_CANDIDATE,pytest saleor/payment/gateways/adyen/tests/test_plugin.py
saleor-rc-1f9b5c53a63a,OK,d56d904f996ac92e4a6960f0ec925a29b59d2875,1f9b5c53a63a04fae221cb65832fae3c3a61c236,True,True,5,3,2,0,2,0,0,0,MODIFIED_TEST_CANDIDATE,pytest saleor/graphql/webhook/tests/queries/test_webhook.py; pytest saleor/tests/fixtures.py
saleor-rc-1fa6a637c7fc,OK,dbbece976cc7c492aeb27b0fd3101c7d4ff510be,1fa6a637c7fcaf5e1c797339ddae102b43282bc4,True,True,8,5,1,0,1,0,2,0,MODIFIED_TEST_CANDIDATE,pytest saleor/graphql/product/tests/test_product.py
saleor-rc-208833e2fa53,OK,c8dd3f20f6b5e7fd37c72caff011d1be554772b9,208833e2fa53e41a0ef8767961edafe09240a3f5,True,True,4,1,3,0,3,0,0,0,MODIFIED_TEST_CANDIDATE,pytest saleor/graphql/payment/tests/test_payment.py; pytest saleor/payment/gateways/dummy/tests/test_dummy.py; pytest saleor/payment/tests/test_payment.py
saleor-rc-224bf29fb39f,OK,ec664a1d32bd68e78eaef551582f3b53c7910b14,224bf29fb39fd14645a5adfda42008ea5fb8d799,True,True,5,4,1,0,1,0,0,0,MODIFIED_TEST_CANDIDATE,pytest saleor/graphql/order/tests/mutations/test_order_note_add.py
saleor-rc-22a30bf2e4cc,OK,1dbb64493dd259da6441b3860cd4172dfeaa46ee,22a30bf2e4ccda91e1e43673d77e25d439f61746,True,True,2,1,1,0,1,0,0,0,MODIFIED_TEST_CANDIDATE,pytest saleor/graphql/core/tests/garbage_collection/test_saleor_context.py
saleor-rc-24f9b244d6bc,OK,4639d4c30ed2f47e2cb5b63dfb17c412ce91b2ae,24f9b244d6bc8c591c9707380917d9b6c6d35c35,True,True,8,7,1,1,0,0,0,0,STRONG_F2P_CANDIDATE,pytest saleor/graphql/meta/tests/test_meta_filters.py
saleor-rc-255d39da978a,OK,69bc54b62ad59ac331caf1969448fd5ac42d89ab,255d39da978a7ec3f20b8cbc8b54b4c02a94566a,True,True,2,1,1,0,1,0,0,0,MODIFIED_TEST_CANDIDATE,pytest saleor/graphql/attribute/tests/mutations/test_attribute_bulk_update.py
saleor-rc-27b65eae2a9a,OK,ecadd9c937a86aac2b4492183cd5c8dd2dab674d,27b65eae2a9af0fbb0d2f85a955f8334a3115bac,True,True,4,2,2,0,2,0,0,0,MODIFIED_TEST_CANDIDATE,pytest saleor/checkout/tests/test_base_calculations.py; pytest saleor/plugins/tests/test_manager.py
saleor-rc-28799575c518,OK,378b4fd95860f1e692a4acdfede37e47066b5be7,28799575c51810307c71fd14cabc6eaa3b8dfe5e,True,True,12,6,6,0,6,0,0,0,MODIFIED_TEST_CANDIDATE,pytest saleor/order/tests/test_order_actions_create_fulfillments_for_returned_products.py; pytest saleor/order/tests/test_order_actions_refund_products.py; pytest saleor/payment/gateways/dummy/tests/test_dummy.py; pytest saleor/payment/gateways/dummy_credit_card/tests/test_dummy_credit_card.py; pytest saleor/payment/tests/test_gateway.py; pytest saleor/product/tests/test_product_availability.py
saleor-rc-29c2d1abdce0,OK,221211b3275f773667b478db36e87b4c430c69ed,29c2d1abdce021bc32ca41b15da5ce10175227ed,True,True,27,10,17,1,16,0,0,0,STRONG_F2P_CANDIDATE,pytest saleor/graphql/checkout/tests/test_checkout_promo_codes.py; pytest saleor/plugins/avatax/tests/conftest.py; pytest saleor/plugins/avatax/tests/test_avatax.py; pytest saleor/plugins/avatax/tests/test_avatax_caching.py; pytest saleor/plugins/tests/sample_plugins.py; pytest saleor/plugins/tests/test_manager.py; pytest saleor/plugins/vatlayer/tests/test_vatlayer.py
saleor-rc-2a59d31fc839,OK,9064bf0ddea89efc529b9ebc2e4ee3f0085b132c,2a59d31fc8398dd13f2a63c1bc23f44791ea3239,True,True,13,4,9,0,9,0,0,0,MODIFIED_TEST_CANDIDATE,pytest saleor/core/tests/test_core.py; pytest saleor/core/tests/test_jwt.py; pytest saleor/graphql/account/tests/mutations/test_token_create.py; pytest saleor/graphql/account/tests/mutations/test_token_refresh.py; pytest saleor/graphql/checkout/tests/mutations/test_checkout_complete.py; pytest saleor/graphql/product/tests/test_product.py; pytest saleor/graphql/product/tests/test_variant.py; pytest saleor/graphql/shipping/tests/test_shipping_zones_query.py; pytest saleor/graphql/shop/tests/test_shop.py
saleor-rc-2a740b36af0a,OK,77eecc7a719b8a4689271635a9f96fdc2dc7a606,2a740b36af0adb42844fcc87c7701e8fb4fc8494,True,True,1,1,0,0,0,0,0,0,NO_CHANGED_TEST_EVIDENCE,
saleor-rc-2c218aadc9b7,OK,8d3b4a500b2664917eb0de3fd7509836a128c233,2c218aadc9b757835ec7c85832c67468e7ee818d,True,True,10,7,2,0,2,0,1,0,MODIFIED_TEST_CANDIDATE,pytest saleor/graphql/order/tests/test_order.py; pytest saleor/order/tests/test_order_actions.py
saleor-rc-2c44b8eccc2c,OK,e22490efe5abb05a42451d80b476ef06cd20fa35,2c44b8eccc2ce985dade55a4e1efd0e113bd92a0,True,True,8,5,3,0,3,0,0,0,MODIFIED_TEST_CANDIDATE,pytest saleor/giftcard/tests/test_utils.py; pytest saleor/graphql/checkout/tests/mutations/test_checkout_add_promo_code.py; pytest saleor/graphql/giftcard/tests/queries/test_gift_card.py
saleor-rc-2c770c685a57,OK,c31fb4cfd08f5578c90b9109f98f662b119e208a,2c770c685a57466c11d3cc9a0e9e12ed10243408,True,True,11,5,6,0,6,0,0,0,MODIFIED_TEST_CANDIDATE,pytest saleor/checkout/tests/test_calculations.py; pytest saleor/graphql/account/tests/queries/test_me.py; pytest saleor/graphql/checkout/tests/test_checkout.py; pytest saleor/graphql/checkout/tests/test_checkout_line_problems.py; pytest saleor/tax/tests/test_checkout_calculations.py; pytest saleor/webhook/transport/asynchronous/tests/test_deferred_payload.py
saleor-rc-2d1599f1f8e2,OK,d1b652115b9f21242c1b8766985d5992e3c95c28,2d1599f1f8e286ea4cc1f50ee9d4f8013b09f2de,True,True,1,1,0,0,0,0,0,0,NO_CHANGED_TEST_EVIDENCE,
saleor-rc-305415e0f8b7,OK,3e5030244ab8b38d925bd532763dcc5a369228cb,305415e0f8b76b0460949f76f1793db8f3faa722,True,True,13,10,2,0,2,0,1,0,MODIFIED_TEST_CANDIDATE,pytest saleor/graphql/order/tests/test_fulfillment.py; pytest saleor/order/tests/test_order_actions.py
saleor-rc-308413ed9c19,OK,f2cc5703766110786b0d774c170b4ce8b1203cb1,308413ed9c19e7938e690fe3cf339b526fd34df2,True,True,1,1,0,0,0,0,0,0,NO_CHANGED_TEST_EVIDENCE,
saleor-rc-30b4edece5aa,OK,b40f4635e155ecfe07bd914dad53f1cd304c4c5d,30b4edece5aa284f5a1e344e70350a680e43d9cd,True,True,5,1,4,0,4,0,0,0,MODIFIED_TEST_CANDIDATE,pytest saleor/graphql/csv/tests/queries/test_export_file.py; pytest saleor/graphql/discount/tests/queries/test_promotion.py; pytest saleor/graphql/giftcard/tests/queries/test_gift_card.py; pytest saleor/graphql/meta/tests/mutations/test_account.py
saleor-rc-30cb9d338235,OK,692be3196ab48b78b9580a90a7682a90cb1d5fb4,30cb9d3382353550502f375145df4fe841bfc9db,True,True,2,2,0,0,0,0,0,0,NO_CHANGED_TEST_EVIDENCE,
saleor-rc-30fe250747ae,OK,64ce4f4ff63c4a0be206c160a12a47c7d26dc439,30fe250747ae7f41cbdc6a1d562385515b7ff88c,True,True,4,3,1,0,1,0,0,0,MODIFIED_TEST_CANDIDATE,pytest saleor/graphql/attribute/tests/queries/test_attribute_query.py
saleor-rc-32f73ff32b2b,OK,169b46ffc6e9fa9a0a79a9e66b2135429979b6c0,32f73ff32b2bc098187ade52d1749e2c2f52b707,True,True,5,3,2,0,2,0,0,0,MODIFIED_TEST_CANDIDATE,pytest saleor/graphql/order/tests/test_order.py; pytest saleor/tests/fixtures.py
saleor-rc-33010c0d5f7f,OK,b39d10d60bcc6c357e0c3a23c9e4bbc3c6716d63,33010c0d5f7fbe40fe588f804b807cbc4300826f,True,True,3,2,1,0,1,0,0,0,MODIFIED_TEST_CANDIDATE,pytest saleor/plugins/webhook/tests/subscription_webhooks/test_webhook.py
saleor-rc-333febd35223,OK,fd463c8aae38b120f3d984fa881c1c7c61817591,333febd3522379220788fabac4c716f426ccd76d,True,True,5,1,3,0,3,0,1,0,MODIFIED_TEST_CANDIDATE,pytest saleor/checkout/tests/fixtures/checkout.py; pytest saleor/checkout/tests/test_delivery_context.py; pytest saleor/graphql/checkout/tests/test_checkouts_query.py
saleor-rc-349d88efcfec,OK,adc6f7eced1307a12a0fd970bd962c8765786ec3,349d88efcfec17730095838fd523d05174686e3b,True,True,5,3,2,0,2,0,0,0,MODIFIED_TEST_CANDIDATE,pytest saleor/checkout/tests/test_checkout_complete.py; pytest saleor/graphql/checkout/tests/mutations/test_checkout_complete.py
saleor-rc-349fe0c194a1,OK,d64d8a4562212b239914950e840cc17b9ab640a6,349fe0c194a17875b84f276b44a3524d218edb20,True,True,14,9,5,0,5,0,0,0,MODIFIED_TEST_CANDIDATE,pytest saleor/graphql/account/tests/mutations/account/test_account_delete.py; pytest saleor/graphql/account/tests/mutations/account/test_confirm_email_change.py; pytest saleor/plugins/webhook/tests/subscription_webhooks/fixtures.py; pytest saleor/plugins/webhook/tests/subscription_webhooks/subscription_queries.py; pytest saleor/plugins/webhook/tests/subscription_webhooks/test_create_deliveries_for_subscription.py
saleor-rc-3513064157fa,OK,9e060876f2dd02cb1f2685ea14ad89b6099bfdc7,3513064157fad67cfc2a0d046a0c329b405cac06,True,True,3,2,1,0,1,0,0,0,MODIFIED_TEST_CANDIDATE,pytest saleor/graphql/checkout/tests/mutations/test_checkout_customer_attach.py
saleor-rc-367b8038f6b9,OK,b5c97d381e92db0b5a9927cc66a54084945cf87e,367b8038f6b9d260ef862d78c345f4ac98a321e1,True,True,4,2,2,0,2,0,0,0,MODIFIED_TEST_CANDIDATE,pytest saleor/csv/tests/test_tasks.py; pytest saleor/graphql/csv/tests/queries/test_export_files.py
saleor-rc-36a9a14e8d12,OK,0e6aa7fdc976539a7b72bf142ab5594f182c8ae2,36a9a14e8d12aad4479ff86e53ac73febd68d782,True,True,3,2,1,0,1,0,0,0,MODIFIED_TEST_CANDIDATE,pytest saleor/plugins/admin_email/tests/test_plugin.py
saleor-rc-36c0a2029b60,OK,9e45fc88aacc86271e757adb464fdc3297999f39,36c0a2029b607f166a543216300a20e81bec8d0c,True,True,2,2,0,0,0,0,0,0,NO_CHANGED_TEST_EVIDENCE,
saleor-rc-373efa067922,OK,771406651dba053c7a0421a053a8a6b653832272,373efa067922e942e503b210ca4cbfaa7be72962,True,True,3,2,1,0,1,0,0,0,MODIFIED_TEST_CANDIDATE,pytest saleor/graphql/account/tests/bulk_mutations/test_staff_bulk_delete.py
saleor-rc-37a3a7bbec31,OK,6370f4a6b8a5bb47949c3df4aab2c0d4ad744994,37a3a7bbec31be4c7cab5d136584077c68155b0f,True,True,4,3,1,0,1,0,0,0,MODIFIED_TEST_CANDIDATE,pytest saleor/order/tests/test_emails.py
saleor-rc-381d4354ead1,OK,d898408886100f032a9602f6d580d1c3657124f6,381d4354ead1cdc8b22cd029af183b8e6451c656,True,True,1,1,0,0,0,0,0,0,NO_CHANGED_TEST_EVIDENCE,
saleor-rc-39ef77fc9bcb,OK,2982153a404f0bdbe39a59dd2f3a288bbf39f557,39ef77fc9bcb0f7240408fa415603cc454a8d0e2,True,True,2,2,0,0,0,0,0,0,NO_CHANGED_TEST_EVIDENCE,
saleor-rc-3bf31ab2fefc,OK,d24336188b88c0ac93712245550cccea856fc00a,3bf31ab2fefca154d841803c9fc71057938ce5f9,True,True,13,3,1,0,1,0,9,0,MODIFIED_TEST_CANDIDATE,pytest saleor/graphql/checkout/tests/benchmark/test_checkout_mutations.py
saleor-rc-3cac33590b90,OK,ca14a5ae26eeda06be20161f7ed9cf4c306c958f,3cac33590b90fd34e33ac593180c67f014d9a372,True,True,6,3,3,0,3,0,0,0,MODIFIED_TEST_CANDIDATE,pytest saleor/graphql/page/tests/queries/pages_with_where/test_with_where_attributes.py; pytest saleor/graphql/product/tests/queries/test_products_query_with_where.py; pytest saleor/graphql/product/tests/queries/variants_where/test_over_attributes.py
saleor-rc-3d304a30a5bc,OK,86d4b0f2168ac85f4db1f1d3e33f65da713e7f65,3d304a30a5bcc96b8abb6ac35fc6c75f20cbad45,True,True,13,5,8,0,8,0,0,0,MODIFIED_TEST_CANDIDATE,pytest saleor/graphql/checkout/tests/deprecated/test_checkout_shipping_method_update.py; pytest saleor/graphql/checkout/tests/mutations/test_checkout_complete_with_payment.py; pytest saleor/graphql/checkout/tests/mutations/test_checkout_complete_with_transactions.py; pytest saleor/graphql/checkout/tests/mutations/test_checkout_delivery_method_update.py; pytest saleor/graphql/checkout/tests/mutations/test_checkout_shipping_address_update.py; pytest saleor/graphql/checkout/tests/mutations/test_checkout_shipping_method_update.py; pytest saleor/graphql/checkout/tests/mutations/test_order_create_from_checkout.py; pytest saleor/graphql/checkout/tests/test_checkout.py
saleor-rc-3f8a4320b1c9,OK,5a39bbf6d782e30f47af4a4008e509d6b267a375,3f8a4320b1c918108df6322991dd419c9b2fcb9e,True,True,4,4,0,0,0,0,0,0,NO_CHANGED_TEST_EVIDENCE,
saleor-rc-4086a98fdc78,OK,ef6d87dc7749869b1299bcab02f91c3b27bbbbb4,4086a98fdc787bf429db9653def58ed741c0a064,True,True,2,2,0,0,0,0,0,0,NO_CHANGED_TEST_EVIDENCE,
saleor-rc-43262efc09bb,OK,1e5f7caa32f4f43c6e6e57e7f9a137ef7b6821e3,43262efc09bbadacf7aaca6d84e6adfc3dd2558d,True,True,11,11,0,0,0,0,0,0,NO_CHANGED_TEST_EVIDENCE,
saleor-rc-438595033c60,OK,1cf6ef650a0cf9b668b1868dca3d134232defebe,438595033c608219a88583ae91d50f2e2415e558,True,True,4,2,2,0,2,0,0,0,MODIFIED_TEST_CANDIDATE,pytest saleor/graphql/tests/test_tracing.py; pytest saleor/graphql/tests/test_utils.py
saleor-rc-4386f322f659,OK,4cbcbdb4df8595ba6dc992e184bdfaae459998f2,4386f322f6598cba95d499ac5b9c852aea2844e4,True,True,4,2,2,0,2,0,0,0,MODIFIED_TEST_CANDIDATE,pytest saleor/attribute/tests/test_utils.py; pytest saleor/graphql/attribute/tests/test_utils.py
saleor-rc-45301d74fb45,OK,69e9d82b1a85614fb959de8bc2f343ec4c28f7d2,45301d74fb4511b28d6685a9058e57e0c20596a2,True,True,6,4,2,0,2,0,0,0,MODIFIED_TEST_CANDIDATE,pytest saleor/graphql/checkout/tests/test_checkout.py; pytest saleor/graphql/checkout/tests/test_checkout_promo_codes.py
saleor-rc-45cfb26218c8,OK,0df27b1eb5b484e775bc2e8091d2a39d0dd33098,45cfb26218c8b0e59be8409bdbfd14ec7189f4d0,True,True,11,8,2,2,0,0,1,0,STRONG_F2P_CANDIDATE,pytest saleor/graphql/meta/tests/mutations/test_channel.py; pytest saleor/graphql/meta/tests/queries/test_channel.py
saleor-rc-46456e7317ca,OK,c4457317c2f6cbe37cfc94104eb1e97ede83ffd1,46456e7317ca5729241a9f62ff7250e3cf0b00a1,True,True,2,1,1,0,1,0,0,0,MODIFIED_TEST_CANDIDATE,pytest saleor/graphql/core/tests/test_pagination.py
saleor-rc-477f7178142c,OK,d89366116a224bcea0ea5ad3013119a70c74fff3,477f7178142c48b41a1dacbae5093e0899c4d42c,True,True,3,3,0,0,0,0,0,0,NO_CHANGED_TEST_EVIDENCE,
saleor-rc-4800fa0beb60,OK,a130b8f23f70f332e563bb8c3cbd8ea9ab2cf972,4800fa0beb6063e2d4b0fdbdef142259bed717fd,True,True,4,1,3,0,3,0,0,0,MODIFIED_TEST_CANDIDATE,pytest saleor/app/tests/fixtures/webhooks/payment_app.py; pytest saleor/graphql/payment/tests/mutations/test_transaction_initialize.py; pytest saleor/graphql/payment/tests/mutations/test_transaction_process.py
saleor-rc-481c2d367c6f,OK,02129de660f4158783cc03d8f4f61973ad1c75fc,481c2d367c6ffe14a5dff85aa983adbea911285c,True,True,13,8,5,0,5,0,0,0,MODIFIED_TEST_CANDIDATE,pytest saleor/graphql/product/tests/queries/test_product_types_query.py; pytest saleor/graphql/product/tests/test_product_pagination.py; pytest saleor/tests/e2e/checkout/test_buy_gift_card_in_the_checkout.py; pytest saleor/tests/e2e/product/utils/product_type.py; pytest saleor/tests/e2e/product/utils/product_type_update.py
saleor-rc-484ce8815cf4,OK,c8462848d9c9a7bb3f209b879d924c395829394b,484ce8815cf4c6724d49ce26dce5da7fc07ba174,True,True,8,4,4,0,4,0,0,0,MODIFIED_TEST_CANDIDATE,pytest saleor/payment/gateways/np_atobarai/tests/conftest.py; pytest saleor/payment/gateways/np_atobarai/tests/test_api.py; pytest saleor/payment/gateways/np_atobarai/tests/test_api_helpers.py; pytest saleor/payment/gateways/np_atobarai/tests/test_utils.py
saleor-rc-4902175839c9,OK,f00361947283ae16af92c1766e4eb63ac36fcf23,4902175839c964b94b430191dcc6db181d2da0d9,True,True,5,5,0,0,0,0,0,0,NO_CHANGED_TEST_EVIDENCE,
saleor-rc-4931e989d82d,OK,a2aa0cf23c365d25970a7087bdd07bc47b15a30b,4931e989d82dd30329329938863322aa0ab7d16b,True,True,4,1,3,0,3,0,0,0,MODIFIED_TEST_CANDIDATE,pytest saleor/payment/gateways/stripe/tests/test_plugin.py; pytest saleor/payment/gateways/stripe/tests/test_plugin_deprecated.py; pytest saleor/payment/gateways/stripe/tests/test_stripe_api.py
saleor-rc-4adf36dfdbe7,OK,d189ef8ea7044526746ab9482ede7b10deb3ef34,4adf36dfdbe72d356f20321c3f7ca03648c6f58d,True,True,7,3,2,0,2,0,2,0,MODIFIED_TEST_CANDIDATE,pytest saleor/graphql/account/tests/test_account.py; pytest saleor/thumbnail/tests/test_views.py
saleor-rc-4d82a7601853,OK,8567a1b1bb88084f5242c2cfd46726c3e632ecd2,4d82a7601853659f97d39aae4f1cc626cda75f7e,True,True,4,4,0,0,0,0,0,0,NO_CHANGED_TEST_EVIDENCE,
saleor-rc-4e45b83e7475,OK,405a7038d0a7da1d342c3bb4718108265e78fa14,4e45b83e7475a3ebc9b3076d7941a2916d0c386c,True,True,2,1,1,0,1,0,0,0,MODIFIED_TEST_CANDIDATE,pytest saleor/graphql/order/tests/test_order.py
saleor-rc-4fa88efe7c69,OK,341b8d333e6f4c3fb74b1d99fd7c49d6ea0017f6,4fa88efe7c6976c426ddc85fd0846bd26e2d1118,True,True,14,4,0,0,0,0,0,10,NO_CHANGED_TEST_EVIDENCE,
saleor-rc-4fc702179851,OK,7468c40f2e84fe1c5ff37491d690bec8a43c344f,4fc702179851b9d488ccc8b6afe20b98c631ffff,True,True,4,2,0,0,0,0,2,0,NO_CHANGED_TEST_EVIDENCE,
saleor-rc-506cd1157e9c,OK,17eba06ac9a7b998ab88cd88e223e6b40bc6f1a8,506cd1157e9c1bb83b6153b6561a179ad92dd17f,True,True,4,3,1,0,1,0,0,0,MODIFIED_TEST_CANDIDATE,pytest saleor/graphql/order/tests/mutations/test_order_bulk_create.py
saleor-rc-50eff94aa37c,OK,d32d5bfdf154d50e06c4f26810303b9b776db5f3,50eff94aa37cb8b0394643e9b5baca4352b9b096,True,True,15,8,4,0,4,0,3,0,MODIFIED_TEST_CANDIDATE,pytest saleor/core/tests/test_postgresql_search.py; pytest saleor/graphql/product/tests/test_category.py; pytest saleor/graphql/product/tests/test_collection.py; pytest saleor/graphql/product/tests/test_product.py
saleor-rc-5144ee6bd55f,OK,20a2b1f48f34d70b4a21c9b3d66d7f744495d4cf,5144ee6bd55fd1e31d205fa50659a5db07c27bbb,True,True,10,7,2,0,2,0,1,0,MODIFIED_TEST_CANDIDATE,pytest saleor/graphql/account/tests/queries/test_customers_where_filtering.py; pytest saleor/graphql/order/tests/queries/test_order_with_where.py
saleor-rc-52a797b00af3,OK,72dac7b4f43f03daafdfa5c669c94d33b51b4606,52a797b00af305c5bf7732d2b654822f6f4d556d,True,True,14,9,5,0,5,0,0,0,MODIFIED_TEST_CANDIDATE,pytest saleor/graphql/core/tests/test_graphql.py; pytest saleor/graphql/product/tests/test_collection.py; pytest saleor/graphql/product/tests/test_product.py; pytest saleor/graphql/product/tests/test_product_pagination.py; pytest saleor/product/tests/test_product.py
saleor-rc-5477b7dd3867,OK,ecca6f88c52d51e6887fd54362032b76371a5cca,5477b7dd3867bc4be1257bd38a63cd9545d4a52e,True,True,7,5,2,0,2,0,0,0,MODIFIED_TEST_CANDIDATE,pytest saleor/graphql/checkout/tests/mutations/test_checkout_lines_add.py; pytest saleor/graphql/checkout/tests/mutations/test_checkout_lines_update.py
saleor-rc-54b2e510c366,OK,e1aa51039cf77b22f0cd2a9b2cd19349c7dd527f,54b2e510c366c855d4d5a52700a0b6e304a36c96,True,True,4,4,0,0,0,0,0,0,NO_CHANGED_TEST_EVIDENCE,
saleor-rc-54bbb04b8954,OK,d9c21de1c0ed33c0b09ea89ec92fed0188e10f6a,54bbb04b895460cb88d624edb49eb37596d66e30,True,True,4,3,1,0,1,0,0,0,MODIFIED_TEST_CANDIDATE,pytest saleor/graphql/checkout/tests/test_checkout_complete.py
saleor-rc-55ff6b5b2b65,OK,f378f31242ab4334bfcb18332a13483568a47438,55ff6b5b2b6584bed844080185804f5d70c1474a,True,True,3,2,1,0,1,0,0,0,MODIFIED_TEST_CANDIDATE,pytest saleor/asgi/tests/test_cors.py
saleor-rc-571a3b145aea,OK,3f8a1afe77ab7e2e2ec7a315c2facd1be1729f21,571a3b145aeaefed14a8140208ae54450834c288,True,True,6,2,4,0,4,0,0,0,MODIFIED_TEST_CANDIDATE,pytest saleor/checkout/tests/test_checkout_complete.py; pytest saleor/graphql/checkout/tests/test_checkout_complete.py; pytest saleor/graphql/payment/tests/test_payment.py; pytest saleor/tests/fixtures.py
saleor-rc-57441a31a14b,OK,ac7db9d50a714aadad360131729480ea0a95abb1,57441a31a14b1f9abf9e9964ab3068dbd75eb485,True,True,1,1,0,0,0,0,0,0,NO_CHANGED_TEST_EVIDENCE,
saleor-rc-5821309aed09,OK,e22fa96674e379c90da3a9644218fc7cffa3a3a6,5821309aed09ba6f1089f9f2f08691bd3812b8b3,True,True,15,6,9,0,9,0,0,0,MODIFIED_TEST_CANDIDATE,pytest saleor/checkout/tests/test_cart.py; pytest saleor/checkout/tests/test_checkout_complete.py; pytest saleor/graphql/checkout/tests/benchmark/conftest.py; pytest saleor/graphql/checkout/tests/test_checkout.py; pytest saleor/graphql/checkout/tests/test_checkout_digital.py; pytest saleor/plugins/avatax/tests/test_avatax.py; pytest saleor/plugins/vatlayer/tests/test_vatlayer.py; pytest saleor/tests/fixtures.py; pytest saleor/warehouse/tests/test_stock_availability.py
saleor-rc-585562cf1cec,OK,7d9b5d25a153b0943c087e5f01fa745a68f3980a,585562cf1cecd77f96f7a2aa783e73aae4fd1a23,True,True,4,3,1,0,1,0,0,0,MODIFIED_TEST_CANDIDATE,pytest saleor/webhook/tests/test_webhook_payloads.py
saleor-rc-598aca390888,OK,07496600832afa2a0461598d9cb9e22e133f4e56,598aca390888d841b67fc77711afd4d375f2b663,True,True,4,2,0,0,0,0,2,0,NO_CHANGED_TEST_EVIDENCE,
saleor-rc-5adf2a55d3e7,OK,12235a227e34d889f7adb33dd87c42a4c8c99793,5adf2a55d3e7b350109f9f6a74399766e0bfe4ae,True,True,4,4,0,0,0,0,0,0,NO_CHANGED_TEST_EVIDENCE,
saleor-rc-5af4a7b5656e,OK,d7a76373f2dba062175bf4e834d1c7c56dc1dc27,5af4a7b5656eb3959276ec01e38287c9fe4b7b1c,True,True,1,1,0,0,0,0,0,0,NO_CHANGED_TEST_EVIDENCE,
saleor-rc-5c458f26276d,OK,9e2b6133154744b0575692ac8018c284f0c419eb,5c458f26276d374607ebc2fa6b38219697b207cc,True,True,6,3,2,0,2,0,1,0,MODIFIED_TEST_CANDIDATE,pytest saleor/core/tests/test_postgresql_search.py; pytest saleor/graphql/product/tests/test_product.py
saleor-rc-5c50110d46a2,OK,c68c40aaa0c1e0e9d2b8e5304e83a0277e1745d9,5c50110d46a250d72fa23c1a7f38feb3b64b6921,True,True,8,6,2,0,2,0,0,0,MODIFIED_TEST_CANDIDATE,pytest saleor/plugins/avatax/tests/test_avatax.py; pytest saleor/plugins/vatlayer/tests/test_vatlayer.py
saleor-rc-5d2721a36364,OK,be430445a2c08f707146b148a63cb3e058c4c0fe,5d2721a363642d633618ef7e25d7e939b7cc8a98,True,True,3,2,1,0,1,0,0,0,MODIFIED_TEST_CANDIDATE,pytest saleor/graphql/product/tests/queries/test_product_type_query.py
saleor-rc-5ed60eba096a,OK,bb063575d501b8ebeda0625b50fdcf779db5b82b,5ed60eba096a35ce304001c32e786fe2cff58d13,True,True,2,2,0,0,0,0,0,0,NO_CHANGED_TEST_EVIDENCE,
saleor-rc-5f78ba7b1647,OK,02d266b6e34b84d4cca5bcfc05d78490a1d10dec,5f78ba7b164730a844ec868db6669639babc402f,True,True,6,5,1,0,1,0,0,0,MODIFIED_TEST_CANDIDATE,pytest saleor/plugins/vatlayer/tests/test_vatlayer.py
saleor-rc-5f8b1cc4db2d,OK,75baa5634eafa7fe0db62a6296f177ee76721058,5f8b1cc4db2d54295193eb92d7b862164ce197ce,True,True,4,2,2,0,2,0,0,0,MODIFIED_TEST_CANDIDATE,pytest saleor/graphql/order/tests/queries/test_pagination.py; pytest saleor/graphql/product/tests/queries/test_products_query.py
saleor-rc-6370f4a6b8a5,OK,8f874dd50ceb010162e34f3ff1c738ca430e25f8,6370f4a6b8a5bb47949c3df4aab2c0d4ad744994,True,True,5,3,2,0,2,0,0,0,MODIFIED_TEST_CANDIDATE,pytest saleor/graphql/menu/tests/test_menu.py; pytest saleor/graphql/product/tests/deprecated/test_product.py
saleor-rc-63a25a0c46d5,OK,bc136cc765e24131e89ef5e3292cf26a66f58641,63a25a0c46d54b6f800ddb2f94ca20cba50f54f3,True,True,2,1,1,0,1,0,0,0,MODIFIED_TEST_CANDIDATE,pytest saleor/core/utils/tests/test_events.py
saleor-rc-63a31dd3c8ca,OK,34b9c885bf0939c0cb323cc9f3d311f09d51fa36,63a31dd3c8ca9f366b53756fc75c6679fd9768e5,True,True,5,2,3,0,3,0,0,0,MODIFIED_TEST_CANDIDATE,pytest saleor/plugins/webhook/tests/test_webhook.py
saleor-rc-65643ec7c37f,OK,f96e490ecf7dd8f9ab1a787253deb327b22657fe,65643ec7c37f68aea30f668feed4193c34a33db8,True,True,5,4,1,1,0,0,0,0,STRONG_F2P_CANDIDATE,pytest saleor/graphql/core/tests/test_converters.py
saleor-rc-659af1b19239,OK,6b23d81b4516289fd34fa420eadcafe735c7bb3e,659af1b19239efec168ffd752bb908f9e93ea65e,True,True,13,7,6,1,5,0,0,0,STRONG_F2P_CANDIDATE,pytest saleor/graphql/checkout/tests/mutations/test_checkout_shipping_address_update.py; pytest saleor/graphql/checkout/tests/test_checkout_price_expiration.py; pytest saleor/tests/e2e/__init__.py; pytest saleor/tests/e2e/checkout/test_checkout_switch_from_cc_to_standard_delivery_method.py; pytest saleor/tests/e2e/checkout/utils/checkout_delivery_method_update.py; pytest saleor/tests/e2e/warehouse/utils/create_warehouse.py
saleor-rc-65a07d9986ec,OK,062b574e7eb8e7597ac88e26967b50fdd9d08bda,65a07d9986ecf0bb2fd5a65f84022a39e3619d57,True,True,3,3,0,0,0,0,0,0,NO_CHANGED_TEST_EVIDENCE,
saleor-rc-65dfc61ec9fc,OK,46d26a91a68b2fa9ada0e923d9dc7731264ff46b,65dfc61ec9fc5cd69439816bf1b68fe8c6df71c3,True,True,16,6,3,0,3,0,7,0,MODIFIED_TEST_CANDIDATE,pytest saleor/checkout/tests/test_checkout_complete.py; pytest saleor/graphql/checkout/tests/mutations/test_checkout_complete_with_payment.py; pytest saleor/graphql/payment/tests/mutations/test_checkout_payment_create.py
saleor-rc-663543eaf563,OK,da11036b099a0251646a4d32987cc205cc327101,663543eaf563e773983e2482b667c45bc540d54b,True,True,6,2,4,3,0,0,0,0,STRONG_F2P_CANDIDATE,pytest saleor/payment/tests/test_utils/__init__.py; pytest saleor/payment/tests/test_utils/test_parse_transaction_action_data_for_action_webhook.py; pytest saleor/payment/tests/test_utils/test_parse_transaction_action_data_for_session_webhook.py
saleor-rc-66907b149076,OK,eb2d368d7885e6f41952c4a5e1d3f9fdd8e967d8,66907b149076418cc20168692e7d8dbb00353e8a,True,True,15,7,8,0,8,0,0,0,MODIFIED_TEST_CANDIDATE,pytest saleor/graphql/attribute/tests/mutations/test_attribute_update.py; pytest saleor/graphql/attribute/tests/test_utils.py; pytest saleor/graphql/product/tests/deprecated/test_product_variant_bulk_create.py; pytest saleor/graphql/product/tests/mutations/test_product_bulk_create.py; pytest saleor/graphql/product/tests/mutations/test_product_create.py; pytest saleor/graphql/product/tests/mutations/test_product_update.py; pytest saleor/graphql/product/tests/mutations/test_product_variant_bulk_create.py; pytest saleor/tests/fixtures.py
saleor-rc-67cd71a9e0b7,OK,64c99525a4bd1dfbb4ed1d6f707550b4b3f42253,67cd71a9e0b76b954d5576f3565c11364dae8ef5,True,True,2,1,1,0,1,0,0,0,MODIFIED_TEST_CANDIDATE,pytest saleor/thumbnail/tests/test_views.py
saleor-rc-68777a15d2a4,OK,fb8708830766058b384ccf461bf1b636da71b1fe,68777a15d2a4cae720423d324bfd6ff688ce1c45,True,True,1,1,0,0,0,0,0,0,NO_CHANGED_TEST_EVIDENCE,
saleor-rc-68fb4bf4a458,OK,d1674dee1fbed87b0de57824a2d5b7f1b9e06e83,68fb4bf4a458c0556056ba76aa105c6b5c271b6f,True,True,3,3,0,0,0,0,0,0,NO_CHANGED_TEST_EVIDENCE,
saleor-rc-693eb302968c,OK,db212f09fbbb8af308970ed2e22328e9ec4df362,693eb302968cc2633ed75af6bb9a8159599242fd,True,True,21,13,7,0,7,0,1,0,MODIFIED_TEST_CANDIDATE,pytest saleor/graphql/order/tests/test_order.py; pytest saleor/order/tests/test_order.py; pytest saleor/plugins/avatax/tests/test_avatax.py; pytest saleor/plugins/tests/sample_plugins.py; pytest saleor/plugins/tests/test_manager.py; pytest saleor/plugins/vatlayer/tests/test_vatlayer.py; pytest saleor/webhook/tests/test_webhook_payloads.py
saleor-rc-697cbdc85b4a,OK,1162f6e2edc76e399aa6c1ac6c8ef73a0772a16a,697cbdc85b4a184c1b07c91303e47506d30b0b1e,True,True,5,3,2,2,0,0,0,0,STRONG_F2P_CANDIDATE,pytest saleor/graphql/core/types/tests/__init__.py; pytest saleor/graphql/core/types/tests/test_money.py
saleor-rc-6a1f884168d2,OK,916c1e29f26552213ca16dc1ddfc8425f5021976,6a1f884168d23962d2fc14a0d65979f770b57314,True,True,3,2,1,0,1,0,0,0,MODIFIED_TEST_CANDIDATE,pytest saleor/graphql/shop/tests/test_shop.py
saleor-rc-6c928b72daa4,OK,46a2a565f410d2235d9798f3e2b2433ff82c509c,6c928b72daa432ebfa31341310ee32984c11a1f7,True,True,5,4,1,0,1,0,0,0,MODIFIED_TEST_CANDIDATE,pytest saleor/graphql/attribute/tests/queries/test_attribute_query.py
saleor-rc-73b8f4c2a451,OK,6912a504c5401d6d95e409e2f74b61635f5efcc3,73b8f4c2a451ce7b9190490716323ff732850da5,True,True,3,3,0,0,0,0,0,0,NO_CHANGED_TEST_EVIDENCE,
saleor-rc-74fbba6d0734,OK,a4621623f618921b35090f3bdbb61a706686bcb9,74fbba6d07346addec1d6477533beb9e5dc295ba,True,True,5,3,2,0,2,0,0,0,MODIFIED_TEST_CANDIDATE,pytest saleor/graphql/account/tests/mutations/authentication/test_token_create.py; pytest saleor/graphql/account/tests/mutations/authentication/test_token_refresh.py
saleor-rc-7691de1ea22e,OK,7d12bbd0d90c7fbecb5d8bfb289c05acbfdcddad,7691de1ea22e7bb30c6f3aa86c91634ed4e2b61b,True,True,3,2,1,0,1,0,0,0,MODIFIED_TEST_CANDIDATE,pytest saleor/graphql/order/tests/queries/test_order.py
saleor-rc-78c9081e2731,OK,7a977f5c1366b549891e7ff236a699ecd2a280be,78c9081e273173907d50b255310be2b4cbfe0658,True,True,3,2,1,0,1,0,0,0,MODIFIED_TEST_CANDIDATE,pytest saleor/graphql/product/tests/test_product_sorting.py
saleor-rc-78d985111cd9,OK,8de7ca21d6b1831f0f94d36448067bf914379d3d,78d985111cd904c9a6709d32cf6b6f94daa1d2e1,True,True,2,2,0,0,0,0,0,0,NO_CHANGED_TEST_EVIDENCE,
saleor-rc-796f4a0fd969,OK,cdcbd5cda46e00856270c4ad86214ffe6d2ed349,796f4a0fd9690c374195135488c36e8641833f24,True,True,2,1,1,0,1,0,0,0,MODIFIED_TEST_CANDIDATE,pytest saleor/graphql/product/tests/mutations/test_product_bulk_create.py
saleor-rc-799a9f1c915a,OK,63b7903e4c1b43bc4c8e3db83be90ca2a280bef8,799a9f1c915adbb5c0e74094fcf1d29db7320840,True,True,2,2,0,0,0,0,0,0,NO_CHANGED_TEST_EVIDENCE,
saleor-rc-7b1e8cee95d5,OK,e848f046c912cf0b4ecb2b311af6ab9ed62368cd,7b1e8cee95d53c6662953ff86a63d8b1761055a7,True,True,9,7,2,0,2,0,0,0,MODIFIED_TEST_CANDIDATE,pytest saleor/graphql/attribute/tests/queries/test_attribute_query.py; pytest saleor/graphql/attribute/tests/queries/test_attribute_where.py
saleor-rc-7b3fbb77c331,OK,de0e787f40744e3b9a54be0cda2d3224d96766fd,7b3fbb77c33120d32b17952d584112bc4159ffce,True,True,7,3,3,0,3,0,1,0,MODIFIED_TEST_CANDIDATE,pytest saleor/graphql/payment/tests/test_payment.py; pytest saleor/payment/gateways/stripe/tests/test_plugin.py; pytest saleor/payment/tests/test_payment.py
saleor-rc-7bbeb193b718,OK,4874c4155c1642363c99b77ca32b3c84c5ec67e0,7bbeb193b718b3c335e19478076ed7c3f7351efe,True,True,2,2,0,0,0,0,0,0,NO_CHANGED_TEST_EVIDENCE,
saleor-rc-7e42fc67ce72,OK,798632158394c9f2911e6d36e8e424fd55007dc4,7e42fc67ce72770720440781fc83685a48bd91b8,True,True,8,4,4,0,4,0,0,0,MODIFIED_TEST_CANDIDATE,pytest saleor/app/tests/test_app_commands.py; pytest saleor/app/tests/test_installation_utils.py; pytest saleor/app/tests/test_validators.py; pytest saleor/graphql/app/tests/mutations/test_app_fetch_manifest.py
saleor-rc-7f841e468194,OK,6eec2d4894d29bbf7fb5d9e52d1dfde20f45f081,7f841e468194126ce9fc49170458f1e511898e4a,True,True,4,4,0,0,0,0,0,0,NO_CHANGED_TEST_EVIDENCE,
saleor-rc-80a33b28b80d,OK,23332839f45e4e2c88471e6005ac29e3df288ab5,80a33b28b80d7010adad6637bc1b954a243727aa,True,True,5,3,2,0,2,0,0,0,MODIFIED_TEST_CANDIDATE,pytest saleor/graphql/checkout/tests/test_checkout.py; pytest saleor/graphql/webhook/tests/pregenerated_subscription/test_checkout_resolvers.py
saleor-rc-81d02e76b22e,OK,c6220233ccb1ed14fbd66c48b7febbbe62cf4411,81d02e76b22e3d3b3603e5ae27c5788033ac01b3,True,True,22,8,11,0,11,0,3,0,MODIFIED_TEST_CANDIDATE,pytest saleor/app/tests/test_app_commands.py; pytest saleor/app/tests/test_installation_utils.py; pytest saleor/graphql/app/tests/mutations/test_app_create.py; pytest saleor/graphql/app/tests/mutations/test_app_token_create.py; pytest saleor/graphql/app/tests/mutations/test_app_token_delete.py; pytest saleor/graphql/app/tests/mutations/test_app_token_verify.py; pytest saleor/graphql/app/tests/mutations/test_app_update.py; pytest saleor/graphql/app/tests/queries/test_app.py; pytest saleor/graphql/core/tests/test_context.py; pytest saleor/graphql/tests/fixtures.py; pytest saleor/tests/fixtures.py
saleor-rc-8220a53473bb,OK,3459d2b68cef1a85443d6f867caa8330017303fa,8220a53473bb67bbb247490cbd043c56dac4568c,True,True,6,4,2,0,2,0,0,0,MODIFIED_TEST_CANDIDATE,pytest tests/api/test_csv.py; pytest tests/test_csv_export.py
saleor-rc-82cc17adedba,OK,e21d5dfead8142b564e827896d7ec29ef73184c2,82cc17adedba7854f9715f44f45d5304d05cce81,True,True,2,2,0,0,0,0,0,0,NO_CHANGED_TEST_EVIDENCE,
saleor-rc-8406dce8d1b7,OK,6a1bd7af29701b9cc1bf083868ddbb24a4968743,8406dce8d1b78d517dcbc65289609128e203c480,True,True,1,1,0,0,0,0,0,0,NO_CHANGED_TEST_EVIDENCE,
saleor-rc-843a2c1905ad,OK,1f8ff02d8dd0367d985b1bcabcb1030d3b8a20cc,843a2c1905ad253efc736f8b5e8e76a9006d233b,True,True,4,3,1,0,1,0,0,0,MODIFIED_TEST_CANDIDATE,pytest saleor/graphql/order/tests/mutations/test_order_lines_create.py
saleor-rc-85d416c024e1,OK,0183cc0e8f8af76b490e992e1a680975cab7d115,85d416c024e17cc1be0821aef7653de2e5260da8,True,True,11,6,4,0,4,0,1,0,MODIFIED_TEST_CANDIDATE,pytest saleor/graphql/checkout/tests/test_checkout_complete.py; pytest saleor/graphql/order/tests/test_order.py; pytest saleor/order/tests/test_order.py; pytest saleor/order/tests/test_order_actions.py
saleor-rc-884327b653cc,OK,4cbec186740cad4e6cd988f61ac43c65cd6bcdff,884327b653cc035fdd9c5c85d0601744f7bad43c,True,True,6,4,1,0,1,0,1,0,MODIFIED_TEST_CANDIDATE,pytest saleor/graphql/giftcard/tests/mutations/test_gift_card_update.py
saleor-rc-897f9e7d6766,OK,78eed93507dfe8143c22e14f66964ce244bf50f4,897f9e7d67660fc0b74100f79a4ebff630b46756,True,True,7,7,0,0,0,0,0,0,NO_CHANGED_TEST_EVIDENCE,
saleor-rc-8a03c74411d7,OK,2265f5fae9b828c2ed0dbc2aadb0b04bb816d951,8a03c74411d770143828db11ea553842c8809b4b,True,True,20,3,17,0,17,0,0,0,MODIFIED_TEST_CANDIDATE,pytest saleor/checkout/tests/fixtures/checkout_with_payment.py; pytest saleor/checkout/tests/test_checkout.py; pytest saleor/checkout/tests/test_checkout_complete.py; pytest saleor/checkout/tests/test_order_from_checkout.py; pytest saleor/checkout/tests/test_tasks.py; pytest saleor/graphql/checkout/tests/benchmark/test_checkout_mutations.py; pytest saleor/graphql/checkout/tests/mutations/test_checkout_add_promo_code.py; pytest saleor/graphql/checkout/tests/mutations/test_checkout_complete.py; pytest saleor/graphql/checkout/tests/mutations/test_checkout_complete_with_payment.py; pytest saleor/graphql/checkout/tests/mutations/test_checkout_complete_with_transactions.py; pytest saleor/graphql/checkout/tests/mutations/test_order_create_from_checkout.py; pytest saleor/graphql/checkout/tests/test_checkout.py; pytest saleor/graphql/checkout/tests/test_checkout_promo_codes.py; pytest saleor/graphql/payment/tests/deprecated/test_checkout_payment_create.py; pytest saleor/graphql/payment/tests/mutations/test_checkout_payment_create.py; pytest saleor/payment/tests/test_payment.py; pytest saleor/tax/tests/test_checkout_calculations.py
saleor-rc-8b0cbe2fb72f,OK,c566698beb76a56c064b46c51abbf64c2635d814,8b0cbe2fb72f0137567c64d16bd3bfa12962cbd3,True,True,5,2,3,0,3,0,0,0,MODIFIED_TEST_CANDIDATE,pytest saleor/payment/gateways/adyen/tests/webhooks/test_handle_api_response.py; pytest saleor/payment/gateways/adyen/tests/webhooks/test_handle_notifications.py; pytest saleor/payment/gateways/stripe/tests/test_webhooks.py
saleor-rc-8c8d9db54d63,OK,295bebacb09424f65587827b5fce4c71d32771fe,8c8d9db54d63d747bc5ec32807cb94361a952fe9,True,True,4,2,2,0,2,0,0,0,MODIFIED_TEST_CANDIDATE,pytest saleor/graphql/order/tests/queries/test_order_with_sort.py; pytest saleor/graphql/product/tests/queries/test_products_query.py
saleor-rc-8d911cb27289,OK,a5c3dd97b5c81bb8121617ed019971fb96ab8172,8d911cb2728978bcce0dee056a9f016c1a5eb5ce,True,True,1,1,0,0,0,0,0,0,NO_CHANGED_TEST_EVIDENCE,
saleor-rc-8e6164e3d123,OK,570e51a78e1ebb7a9d0c828239d333a498e544a6,8e6164e3d12327496660f91f836d5c3222d8d2b6,True,True,5,3,2,0,2,0,0,0,MODIFIED_TEST_CANDIDATE,pytest saleor/graphql/app/tests/mutations/test_app_create.py; pytest saleor/graphql/app/tests/mutations/test_app_update.py
saleor-rc-8eb11da07f09,OK,bdb2f9d05d339fb0f07d9aa6946c60284b08a836,8eb11da07f09437374cb82daa6f10a80a11a1c90,True,True,5,4,1,0,1,0,0,0,MODIFIED_TEST_CANDIDATE,pytest saleor/graphql/product/tests/queries/test_products_query_with_where.py
saleor-rc-8f99df03562b,OK,cd352b906183693b949ef2de919105b4eab22cd4,8f99df03562b8a3672f2477ffa44009adfb59dff,True,True,2,2,0,0,0,0,0,0,NO_CHANGED_TEST_EVIDENCE,
saleor-rc-9057e82cea23,OK,9c7a8b4b8aa8d8a50d5ff0f5c15365c1a5c89f1d,9057e82cea2335edb4ea0545911e39b5e6d90c1a,True,True,5,3,2,0,2,0,0,0,MODIFIED_TEST_CANDIDATE,pytest saleor/graphql/checkout/tests/test_checkout.py; pytest saleor/graphql/order/tests/test_order.py
saleor-rc-940b759d6c6f,OK,e390d38cd89a5098ac8f110d55609456a238c1db,940b759d6c6f8a2114a1ff1b052d7bec4d03901d,True,True,2,2,0,0,0,0,0,0,NO_CHANGED_TEST_EVIDENCE,
saleor-rc-940b8d83ec5c,OK,f6d2a71ff9620a40017dc8a634a7822cbcc19285,940b8d83ec5c09aa19416c8bcf38d5c28696a991,True,True,13,4,9,2,7,0,0,0,STRONG_F2P_CANDIDATE,pytest saleor/checkout/tests/test_actions.py; pytest saleor/checkout/tests/test_calculations.py; pytest saleor/graphql/checkout/tests/benchmark/test_checkout_mutations.py; pytest saleor/graphql/checkout/tests/mutations/test_checkout_complete_with_transactions.py; pytest saleor/order/tests/test_order_utils.py; pytest saleor/tests/e2e/checkout/test_checkout_complete_with_gift_card_recalculcates_status_for_other_checkout.py; pytest saleor/tests/e2e/checkout/test_checkout_complete_with_transaction_and_gift_card.py; pytest saleor/tests/e2e/checkout/utils/query_checkout.py; pytest saleor/tests/e2e/checkout/zero_total/test_pay_for_total_checkout_with_gift_card.py
saleor-rc-954887b39f13,OK,07f8aad09d81408ffdc89b0980916c349d6a34ef,954887b39f13ab0beabb11a604bd3bf9de1b4c0e,True,True,8,3,5,0,5,0,0,0,MODIFIED_TEST_CANDIDATE,pytest saleor/plugins/webhook/tests/test_list_shipping_methods_for_checkout.py; pytest saleor/plugins/webhook/tests/test_list_stored_payment_methods_webhook.py; pytest saleor/plugins/webhook/tests/test_payment_method_initialize_tokenization.py; pytest saleor/plugins/webhook/tests/test_payment_method_process_tokenization.py; pytest saleor/plugins/webhook/tests/test_stored_payment_method_request_delete.py
saleor-rc-95db464ad4ea,OK,ef6d403325fef9a9a0df34ca624dd7423ae31689,95db464ad4ea43495af45a296ca5fbd5114823df,True,True,9,1,5,0,5,0,3,0,MODIFIED_TEST_CANDIDATE,pytest saleor/app/tests/test_app_commands.py; pytest saleor/app/tests/test_installation_utils.py; pytest saleor/graphql/app/tests/mutations/test_app_create.py; pytest saleor/graphql/app/tests/mutations/test_app_install.py; pytest saleor/graphql/payment/tests/mutations/test_transaction_event_report.py
saleor-rc-95dbffbc523a,OK,ffe3a3ece0fb29cfbb7c02a032c86da31d17e8b3,95dbffbc523a5a8865ead2a2649913491ac8e89c,True,True,4,1,3,0,3,0,0,0,MODIFIED_TEST_CANDIDATE,pytest saleor/graphql/order/tests/mutations/test_order_capture.py; pytest saleor/graphql/payment/tests/mutations/test_transaction_event_report.py; pytest saleor/graphql/payment/tests/mutations/test_transaction_update.py
saleor-rc-9701eb8d7ec2,OK,a5d729d2f0e52cdb256b41a34d4bce3ef0adfa8c,9701eb8d7ec2264660253c7b588564e530c404b2,True,True,2,2,0,0,0,0,0,0,NO_CHANGED_TEST_EVIDENCE,
saleor-rc-99041211cf9e,OK,04f852ab9452fab6826a0945e09e00bfee97ea6b,99041211cf9e01f39c1c7f8ffffbcbbdaea550bc,True,True,7,5,2,0,2,0,0,0,MODIFIED_TEST_CANDIDATE,pytest saleor/order/tests/test_emails.py; pytest saleor/order/tests/test_order_actions.py
saleor-rc-99f9e28f8b6f,OK,594b8e8e3b847cf821ecd8637f16abce411264e0,99f9e28f8b6f9dc5029a6b3082a66ab546e07f01,True,True,4,1,1,0,1,0,0,2,MODIFIED_TEST_CANDIDATE,pytest saleor/plugins/tests/test_email_common.py
saleor-rc-9abf7176cfdc,OK,fe3706a620e932a8cd1ff6dca57edf9ef51a81a9,9abf7176cfdce140fcb0302dea339ce00bb90f82,True,True,8,8,0,0,0,0,0,0,NO_CHANGED_TEST_EVIDENCE,
saleor-rc-9b88221ba8c2,OK,1a78e37e24738b7d48f4f3bf48f6be7387c80f43,9b88221ba8c270b183ef17f6288045fcbe1fee96,True,True,13,9,4,0,4,0,0,0,MODIFIED_TEST_CANDIDATE,pytest saleor/app/tests/test_installation_utils.py; pytest saleor/graphql/app/tests/mutations/test_app_create.py; pytest saleor/plugins/webhook/tests/subscription_webhooks/fixtures.py; pytest saleor/plugins/webhook/tests/subscription_webhooks/test_create_deliveries_for_subscription.py
saleor-rc-9b96c1602b1f,OK,b7b423c15e85e5b19cda1ae7ef976e2ffcfba117,9b96c1602b1fb419131fd0151483c668f1d0c8b8,True,True,5,3,1,0,1,0,1,0,MODIFIED_TEST_CANDIDATE,pytest saleor/graphql/giftcard/tests/mutations/test_gift_card_create.py
saleor-rc-9bc1b1134cc3,OK,0c76055f831d7048f0e43d9a52fde737cd0b4369,9bc1b1134cc39bf4d941ae5ca6599299437b6fc6,True,True,4,4,0,0,0,0,0,0,NO_CHANGED_TEST_EVIDENCE,
saleor-rc-9c032845e29b,OK,6f12f721d271f6cd1757a88100ed76d0636df202,9c032845e29b8d5dc1d40ee812fc2111b6bb2f42,True,True,6,5,1,0,1,0,0,0,MODIFIED_TEST_CANDIDATE,pytest saleor/graphql/product/tests/queries/test_product_query.py
saleor-rc-a11ed9984b87,OK,e95b19d0e9bdd38d26334e633ffa00ecfb445566,a11ed9984b877994ab32b21fabfff62ef501d407,True,True,1,1,0,0,0,0,0,0,NO_CHANGED_TEST_EVIDENCE,
saleor-rc-a17f11cf7e87,OK,54bbb04b895460cb88d624edb49eb37596d66e30,a17f11cf7e877227a930f7a6abda8b2a6ecbac5e,True,True,5,3,2,0,2,0,0,0,MODIFIED_TEST_CANDIDATE,pytest saleor/giftcard/tests/test_utils.py; pytest saleor/graphql/order/tests/test_fulfillment.py
saleor-rc-a1e1e2554327,OK,474c0c4f52a92ff2c4299a775aea8887387b84e1,a1e1e2554327d91038149233c46ff05d5169ccad,True,True,4,2,2,0,2,0,0,0,MODIFIED_TEST_CANDIDATE,pytest saleor/graphql/app/tests/queries/test_app_extension.py; pytest saleor/graphql/tests/fixtures.py
saleor-rc-a25c73e9f74b,OK,5b95bbf929aad091032a2faeba54f21d2fe68b4d,a25c73e9f74b78e8d709968fe8263a6c8fdafa8e,True,True,7,7,0,0,0,0,0,0,NO_CHANGED_TEST_EVIDENCE,
saleor-rc-a36d8a8d0c0c,OK,d0dfacb56283f5b614dbd1af0a0b10d64002bcf1,a36d8a8d0c0c073a13ddbf5852707bd32e5c213f,True,True,4,3,1,0,1,0,0,0,MODIFIED_TEST_CANDIDATE,pytest saleor/graphql/product/tests/mutations/test_product_variant_bulk_update.py
saleor-rc-a576e993bab7,OK,d7a707f8aec18d38e6e90f462ce9175b5937833e,a576e993bab7d31d9cccb1bc336b681161bc33e2,True,True,4,3,1,0,1,0,0,0,MODIFIED_TEST_CANDIDATE,pytest saleor/graphql/giftcard/tests/queries/test_gift_card_filtering.py
saleor-rc-a5e831779345,OK,86aecd86220263ec456a33591357b07027ce0e0c,a5e83177934590f18ae0d3b0b92c7cb86d6fc1d5,True,True,2,1,1,0,1,0,0,0,MODIFIED_TEST_CANDIDATE,pytest saleor/graphql/product/tests/test_product.py
saleor-rc-a650f8f05c02,OK,dfca812042037dc33b7d856828ed86689ae86e82,a650f8f05c025de7c12ed5301b72a9d8ba9bf811,True,True,12,3,9,0,9,0,0,0,MODIFIED_TEST_CANDIDATE,pytest saleor/graphql/account/tests/mutations/staff/test_customer_delete.py; pytest saleor/graphql/discount/tests/mutations/test_sale_bulk_delete.py; pytest saleor/graphql/page/tests/mutations/test_page_create.py; pytest saleor/graphql/page/tests/mutations/test_page_delete.py; pytest saleor/graphql/page/tests/mutations/test_page_types_bulk_delete.py; pytest saleor/graphql/page/tests/mutations/test_page_update.py; pytest saleor/graphql/product/tests/mutations/test_product_delete.py; pytest saleor/graphql/translations/tests/test_translations.py; pytest saleor/plugins/webhook/tests/test_webhook.py
saleor-rc-a6c09d5579d6,OK,52cb0e00895760c16277e3d9cad63b867f313242,a6c09d5579d6bd80cba0f6ac3b03f009ca006971,True,True,5,2,0,0,0,0,3,0,NO_CHANGED_TEST_EVIDENCE,
saleor-rc-a7a2bf4146ba,OK,bac19498f13b7b1c38e8b2a6e3f14bac48faabe7,a7a2bf4146ba1afa6ac8e048e209d631e5443711,True,True,6,2,4,0,4,0,0,0,MODIFIED_TEST_CANDIDATE,pytest saleor/graphql/page/tests/deprecated/test_page_create.py; pytest saleor/graphql/page/tests/mutations/test_page_create.py; pytest saleor/graphql/product/tests/test_product.py; pytest saleor/graphql/product/tests/test_variant.py
saleor-rc-a9121e630814,OK,81c1d741fc24bebf0ac4025f7cbccc0862bb2d5a,a9121e630814c3b1940eb70f5a4d2bd0e41fb4ad,True,True,5,3,2,0,2,0,0,0,MODIFIED_TEST_CANDIDATE,pytest saleor/graphql/account/tests/test_account.py; pytest saleor/tests/fixtures.py
saleor-rc-a93a877388ae,OK,745b92f1f302726fd5e53da3a4c41302d9d7dd06,a93a877388aefe4277e1adde93c81bdfb6b09c95,True,True,4,3,1,0,1,0,0,0,MODIFIED_TEST_CANDIDATE,pytest saleor/graphql/product/tests/test_product.py
saleor-rc-a9e79dac40a2,OK,ccd3960acd1d058528d9796c2b9ff096f28d848e,a9e79dac40a2f203417a5e822c26d62359f6645c,True,True,7,4,2,0,2,0,1,0,MODIFIED_TEST_CANDIDATE,pytest saleor/app/tests/test_validators.py; pytest saleor/graphql/app/tests/mutations/test_app_fetch_manifest.py
saleor-rc-aa2bcdd0c218,OK,9d2b2cdd72c40b4841cf4101f4fb125e3b396250,aa2bcdd0c2184766e3fa0354cd9ca21c05a432fd,True,True,6,3,3,0,3,0,0,0,MODIFIED_TEST_CANDIDATE,pytest saleor/graphql/attribute/tests/mutations/test_attribute_create.py; pytest saleor/graphql/attribute/tests/queries/test_attribute_query.py; pytest saleor/graphql/product/tests/test_product.py
saleor-rc-aa814bd5f355,OK,15d39085ad767b294ba6d83935247f67597efbe1,aa814bd5f35544df10e5ac258913d14e59343e4e,True,True,16,6,10,1,9,0,0,0,STRONG_F2P_CANDIDATE,pytest saleor/graphql/checkout/tests/mutations/test_checkout_create.py; pytest saleor/graphql/checkout/tests/mutations/test_checkout_delivery_method_update.py; pytest saleor/graphql/checkout/tests/mutations/test_checkout_lines_add.py; pytest saleor/graphql/checkout/tests/mutations/test_checkout_lines_update.py; pytest saleor/graphql/checkout/tests/mutations/test_checkout_remove_promo_code.py; pytest saleor/graphql/checkout/tests/mutations/test_checkout_shipping_method_update.py; pytest saleor/graphql/webhook/tests/mutations/test_webhook_trigger.py; pytest saleor/webhook/tests/fixtures/webhook.py; pytest saleor/webhook/transport/asynchronous/tests/test_deferred_payload.py; pytest saleor/webhook/transport/tests/test_utils.py
saleor-rc-ab6c29ba265d,OK,46757ac242b983a6fbae76e0f56d58928743e1ab,ab6c29ba265d5a38ea7ce16b96c362d472f053e1,True,True,7,4,3,1,2,0,0,0,STRONG_F2P_CANDIDATE,pytest saleor/graphql/product/tests/test_product.py; pytest saleor/graphql/product/tests/test_utils.py; pytest saleor/graphql/product/tests/test_variant.py
saleor-rc-add4064d238e,OK,68c4e1aa57989854807f841a1f55dcf6e754b29c,add4064d238ea4b1f012786f72d3e566221b436b,True,True,15,9,6,0,6,0,0,0,MODIFIED_TEST_CANDIDATE,pytest saleor/account/tests/test_notifications.py; pytest saleor/graphql/account/tests/test_account.py; pytest saleor/plugins/admin_email/tests/conftest.py; pytest saleor/plugins/admin_email/tests/test_notify_events.py; pytest saleor/plugins/admin_email/tests/test_plugin.py; pytest saleor/plugins/admin_email/tests/test_tasks.py
saleor-rc-aea05da547c8,OK,e7a1f97043f9326d64c0f67f123e6b4f35dfd210,aea05da547c8df078082d2a59e12a9cd54192f3c,True,True,2,1,1,0,1,0,0,0,MODIFIED_TEST_CANDIDATE,pytest saleor/graphql/product/tests/mutations/test_product_variant_bulk_update.py
saleor-rc-b0245506e69b,OK,b6a4fab72aba91e8894dcbe9b38c0b7abfc0f205,b0245506e69b77bcd8d11b375897b4eb018023d4,True,True,15,10,5,0,5,0,0,0,MODIFIED_TEST_CANDIDATE,pytest saleor/graphql/account/tests/test_account.py; pytest saleor/plugins/webhook/tests/subscription_webhooks/fixtures.py; pytest saleor/plugins/webhook/tests/subscription_webhooks/payloads.py; pytest saleor/plugins/webhook/tests/subscription_webhooks/subscription_queries.py; pytest saleor/plugins/webhook/tests/subscription_webhooks/test_create_deliveries_for_subscription.py
saleor-rc-b0672eea0422,OK,87531ade76bd2d04f35354fa3ef5672df995fea9,b0672eea04229f2a2194c64162bade73eb246047,True,True,4,3,1,0,1,0,0,0,MODIFIED_TEST_CANDIDATE,pytest saleor/graphql/product/tests/test_product.py
saleor-rc-b2622810adf1,OK,5eaf1975645e2afe163a073506e066b140e1c91a,b2622810adf1cad70ea4f10cee82f8db6f76ef8b,True,True,7,4,3,0,3,0,0,0,MODIFIED_TEST_CANDIDATE,pytest saleor/graphql/checkout/tests/test_checkout.py; pytest saleor/graphql/payment/tests/test_payment.py; pytest saleor/payment/gateways/stripe/tests/test_utils.py
saleor-rc-b2e3652af826,OK,b88bf39c5504b9705237b8e4fd376082e10e6f69,b2e3652af826f151135834ecbc67e05b53b4f0fe,True,True,3,2,1,0,1,0,0,0,MODIFIED_TEST_CANDIDATE,pytest saleor/checkout/tests/test_checkout.py
saleor-rc-b356a525ba2a,OK,68e80f40e6a4f670a2a4b5265cc94db4b0a35cfa,b356a525ba2ab918b85b6b617ac4df499e70e247,True,True,15,8,7,0,7,0,0,0,MODIFIED_TEST_CANDIDATE,pytest saleor/app/tests/fixtures/app_extension.py; pytest saleor/app/tests/test_installation_utils.py; pytest saleor/app/tests/test_validators.py; pytest saleor/graphql/app/tests/benchmarks/test_app_extensions.py; pytest saleor/graphql/app/tests/mutations/test_app_fetch_manifest.py; pytest saleor/graphql/app/tests/queries/test_app_extension.py; pytest saleor/graphql/app/tests/queries/test_app_extensions.py
saleor-rc-b35783838e51,OK,e7e1907c2e9911f339871a3e9edfbd9ea139b1bc,b35783838e51cfc118e07d632f64b01bc3a2c4bb,True,True,5,4,1,0,1,0,0,0,MODIFIED_TEST_CANDIDATE,pytest saleor/graphql/account/tests/mutations/account/test_account_register.py
saleor-rc-b41168d9077d,OK,02236f6b1603a0fc4abb2f2eb8f2301685a6d86e,b41168d9077d671e1a553767c7b1be262600a742,True,True,3,2,1,0,1,0,0,0,MODIFIED_TEST_CANDIDATE,pytest saleor/graphql/webhook/tests/mutations/test_webhook_trigger.py
saleor-rc-b60266933f7a,OK,0bf31765e60adbc2c648f2dd8f920ffe9095cb4a,b60266933f7a9563613de9e6e9d151e6ade36c97,True,True,18,8,10,2,8,0,0,0,STRONG_F2P_CANDIDATE,pytest saleor/graphql/checkout/tests/test_checkout.py; pytest saleor/graphql/product/tests/test_product.py; pytest saleor/graphql/product/tests/test_product_channel_listings_queries.py; pytest saleor/graphql/product/tests/test_variant.py; pytest saleor/graphql/product/tests/test_variant_pricing.py; pytest saleor/graphql/tests/test_utils.py; pytest saleor/graphql/warehouse/tests/test_dataloaders.py; pytest saleor/graphql/warehouse/tests/test_stock.py; pytest saleor/tests/fixtures.py; pytest saleor/warehouse/tests/test_warehouse.py
saleor-rc-b79cf8f91f04,OK,5646e7c4fbaaebb2260d2183cdbc65499bbefc59,b79cf8f91f04a919b16912bdb6ec1aae0ec85cad,True,True,12,6,6,4,2,0,0,0,STRONG_F2P_CANDIDATE,pytest saleor/app/tests/fixtures/app.py; pytest saleor/checkout/tests/fixtures/checkout.py; pytest saleor/plugins/webhook/tests/subscription_webhooks/filterable_webhooks/test_checkout_created.py; pytest saleor/plugins/webhook/tests/subscription_webhooks/filterable_webhooks/test_checkout_fully_paid.py; pytest saleor/plugins/webhook/tests/subscription_webhooks/filterable_webhooks/test_checkout_metadata_updated.py; pytest saleor/plugins/webhook/tests/subscription_webhooks/filterable_webhooks/test_checkout_updated.py
saleor-rc-b84bf6595f49,OK,62870077870790b5367c516ceef576c087fd9574,b84bf6595f49b23cea2ba25b7f1b816c351a542e,True,True,4,4,0,0,0,0,0,0,NO_CHANGED_TEST_EVIDENCE,
saleor-rc-b8786c1bf4d3,OK,bf7d29c1f4093577c3e08738a6d9da9de388f403,b8786c1bf4d3a6f47963e546634c6e3732ca2345,True,True,3,1,2,0,2,0,0,0,MODIFIED_TEST_CANDIDATE,pytest saleor/payment/gateways/adyen/tests/webhooks/test_handle_additional_actions.py; pytest saleor/payment/gateways/adyen/tests/webhooks/test_handle_notifications.py
saleor-rc-b97d1d9c7064,OK,1cb32c1b70731af728ff9cb3729d4925e5d748ca,b97d1d9c70647376e0950a945c20d1cfd2dc3617,True,True,3,2,1,0,1,0,0,0,MODIFIED_TEST_CANDIDATE,pytest saleor/graphql/account/tests/queries/test_user.py
saleor-rc-ba0f225cc7d3,OK,d0ab3ca2b5a4080c993bb0fc90b0330bbff29ca8,ba0f225cc7d338deeb2ed19929b432208470a69f,True,True,2,1,1,0,1,0,0,0,MODIFIED_TEST_CANDIDATE,pytest saleor/graphql/tests/test_utils.py
saleor-rc-ba4ff17faab4,OK,0ea29888230782e1cf94387733daf8853b7b44d1,ba4ff17faab45eba3afa4d1d153b4505b42270f1,True,True,5,2,3,0,3,0,0,0,MODIFIED_TEST_CANDIDATE,pytest saleor/graphql/product/tests/test_product.py; pytest saleor/graphql/product/tests/test_variant.py; pytest saleor/tests/fixtures.py
saleor-rc-bcd9f60d2aef,OK,938f0c027422449bf39b9a0962149ba4204f24a2,bcd9f60d2aef8553e5ba522f2acd8437d7a0b7f2,True,True,5,4,1,0,1,0,0,0,MODIFIED_TEST_CANDIDATE,pytest saleor/graphql/translations/tests/test_translations.py
saleor-rc-bd0c56fc787e,OK,753140cda1727f3180374254319df62ed25980c6,bd0c56fc787ee5d6ff14a4eda0f1087371902b89,True,True,3,2,1,0,1,0,0,0,MODIFIED_TEST_CANDIDATE,pytest saleor/graphql/shop/tests/test_shop.py
saleor-rc-bd11af3ea0a4,OK,d73ce407c2f1b1d5d7c4b5ab13dcc770751ded12,bd11af3ea0a496febb937759cbe59bb9cb7b90f4,True,True,2,1,1,1,0,0,0,0,STRONG_F2P_CANDIDATE,pytest saleor/graphql/checkout/tests/benchmark/test_checkout.py
saleor-rc-bd64d6fdbe4b,OK,becbbdd78660859bc1b8cd424799aff72f1935e6,bd64d6fdbe4b16280eb061d88ab0ddd90533c64e,True,True,3,1,2,0,2,0,0,0,MODIFIED_TEST_CANDIDATE,pytest saleor/graphql/payment/tests/mutations/test_transaction_event_report.py; pytest saleor/graphql/payment/tests/mutations/test_transaction_update.py
saleor-rc-bdb2f9d05d33,OK,d273fd97a46ac0c5a009816dc6bab1147adb4b2d,bdb2f9d05d339fb0f07d9aa6946c60284b08a836,True,True,1,1,0,0,0,0,0,0,NO_CHANGED_TEST_EVIDENCE,
saleor-rc-bf938e731bd8,OK,3e9470ff3e30a2b9991bf659d1dd42b5c89c8b4e,bf938e731bd869e3da282917eeb14b8ce0dce306,True,True,14,13,1,0,1,0,0,0,MODIFIED_TEST_CANDIDATE,pytest saleor/graphql/core/tests/test_graphql.py
saleor-rc-c0d4785abd74,OK,ac3e7b4bd2feded5220f21f847f69ea52e8113c7,c0d4785abd7410108364b4e0830862143cc9940c,True,True,15,8,7,0,7,0,0,0,MODIFIED_TEST_CANDIDATE,pytest saleor/graphql/payment/tests/mutations/test_transaction_initialize.py; pytest saleor/graphql/payment/tests/mutations/test_transaction_process.py; pytest saleor/plugins/tests/test_manager.py; pytest saleor/plugins/webhook/tests/subscription_webhooks/test_create_deliveries_for_transaction_initialize_session.py; pytest saleor/plugins/webhook/tests/subscription_webhooks/test_create_deliveries_for_transaction_process_session.py; pytest saleor/plugins/webhook/tests/test_transaction_initialize_session_webhook.py; pytest saleor/plugins/webhook/tests/test_transaction_process_session_webhook.py
saleor-rc-c12e83aac8f6,OK,c5828cf6202042a07811e40802f5cc320ba4fa1d,c12e83aac8f643ef1c393e6762d4cbe6dd1af102,True,True,15,8,7,0,7,0,0,0,MODIFIED_TEST_CANDIDATE,pytest saleor/discount/tests/test_discounts.py; pytest saleor/graphql/order/tests/mutations/test_order_discount.py; pytest saleor/order/tests/test_apply_order_discount.py; pytest saleor/plugins/webhook/tests/subscription_webhooks/test_create_deliveries_for_taxes.py; pytest saleor/tax/tests/test_order_calculations.py; pytest saleor/tests/fixtures.py; pytest saleor/webhook/tests/test_webhook_payloads.py
saleor-rc-c18e40f5b6f3,OK,d880b7956320ae33fe3ff1318617acae1dbf8013,c18e40f5b6f301b72cd3a8bcf5deabdd8b0b1bd8,True,True,5,5,0,0,0,0,0,0,NO_CHANGED_TEST_EVIDENCE,
saleor-rc-c27cc94d06ff,OK,ceeb65c333e606bc2b23f191d0e9f450ee8ecf00,c27cc94d06ff246bbef2b51968853d4336cc15ad,True,True,1,1,0,0,0,0,0,0,NO_CHANGED_TEST_EVIDENCE,
saleor-rc-c31fb4cfd08f,OK,a11ed9984b877994ab32b21fabfff62ef501d407,c31fb4cfd08f5578c90b9109f98f662b119e208a,True,True,2,1,1,0,1,0,0,0,MODIFIED_TEST_CANDIDATE,pytest saleor/graphql/app/tests/mutations/test_app_fetch_manifest.py
saleor-rc-c38263743e9e,OK,4a0bcd768f6de02aa41651251904ad84f9bd714d,c38263743e9ea67c2c198e731f2a6490c700aa57,True,True,9,5,1,1,0,0,0,3,STRONG_F2P_CANDIDATE,pytest saleor/core/tests/test_http_client.py
saleor-rc-c428b47bddc5,OK,c28b12323141208257338c3619a57bd2dc8b1922,c428b47bddc57dc1f3f4e34c202466e39a61e9d2,True,True,3,2,1,0,1,0,0,0,MODIFIED_TEST_CANDIDATE,pytest saleor/graphql/order/tests/test_order.py
saleor-rc-c4dac9df4baf,OK,076b32ce4bb9962b4ef55c41d7ae31fbb568464c,c4dac9df4bafc289f28752fd57410817dfa42cee,True,True,20,13,4,0,4,0,3,0,MODIFIED_TEST_CANDIDATE,pytest saleor/graphql/payment/tests/mutations/test_transaction_initialize.py; pytest saleor/graphql/payment/tests/queries/test_transaction.py; pytest saleor/plugins/webhook/tests/subscription_webhooks/test_create_deliveries_for_transaction_initialize_session.py; pytest saleor/plugins/webhook/tests/test_transaction_initialize_session_webhook.py
saleor-rc-c6220233ccb1,OK,65d4c832296490dbf4396db04f084d99bdcc89ae,c6220233ccb1ed14fbd66c48b7febbbe62cf4411,True,True,3,2,1,0,1,0,0,0,MODIFIED_TEST_CANDIDATE,pytest saleor/graphql/order/tests/test_fulfillment.py
saleor-rc-c7207e71e0d3,OK,1748c77271a4746fdaf5688e918d1a68aa175379,c7207e71e0d303ebd01cb01c35649290c7bceacd,True,True,10,7,3,0,3,0,0,0,MODIFIED_TEST_CANDIDATE,pytest saleor/plugins/webhook/tests/subscription_webhooks/fixtures.py; pytest saleor/plugins/webhook/tests/subscription_webhooks/subscription_queries.py; pytest saleor/plugins/webhook/tests/subscription_webhooks/test_create_deliveries_for_subscription.py
saleor-rc-c74d62286403,OK,0264b50a6f00c965168c8afc83e65fdd660ae968,c74d62286403d1c2d8dd7295c39296c770a9690f,True,True,3,3,0,0,0,0,0,0,NO_CHANGED_TEST_EVIDENCE,
saleor-rc-c87441bb1464,OK,c0242fda91d7ec028f65054a37bc2a864d3526f7,c87441bb1464abaede7ef4dfd38c22e163ec483f,True,True,3,2,1,0,1,0,0,0,MODIFIED_TEST_CANDIDATE,pytest saleor/graphql/giftcard/tests/mutations/test_gift_card_create.py
saleor-rc-c8d4cb2844e6,OK,d38c5f7025a2776a87e4444fcb8e10cdc1abb49e,c8d4cb2844e65d88c0fd4ab87b6213171b6db565,True,True,2,2,0,0,0,0,0,0,NO_CHANGED_TEST_EVIDENCE,
saleor-rc-c9c1cc0968d3,OK,e04d8fc23897c8c1cd8c0353e80ae52b7c41f36d,c9c1cc0968d3da65502640b7203f44ebf24d12fc,True,True,4,3,1,0,1,0,0,0,MODIFIED_TEST_CANDIDATE,pytest saleor/graphql/order/tests/test_fulfillment.py
saleor-rc-cae629dc4166,OK,cbd7310268c66f6b4ac8b1e60cc748669e947a70,cae629dc41669454d71bff48238b7eeaaa651656,True,True,6,4,2,1,1,0,0,0,STRONG_F2P_CANDIDATE,pytest saleor/graphql/attribute/tests/test_utils.py; pytest saleor/graphql/product/tests/benchmark/test_product_bulk_create.py
saleor-rc-cbd7310268c6,OK,195cc966886bc0d7a4818eb1da25de8b150c1fd7,cbd7310268c66f6b4ac8b1e60cc748669e947a70,True,True,3,2,1,0,1,0,0,0,MODIFIED_TEST_CANDIDATE,pytest saleor/warehouse/tests/test_stock_availability.py
saleor-rc-ccd3960acd1d,OK,43f5ba1b48e59ef66cf2fe4f490b45e61aaa7222,ccd3960acd1d058528d9796c2b9ff096f28d848e,True,True,3,2,1,0,1,0,0,0,MODIFIED_TEST_CANDIDATE,pytest saleor/graphql/payment/tests/mutations/test_transaction_event_report.py
saleor-rc-cd076fed6118,OK,c7debbec272c47b5e5202fa2ccb317beb98f3daa,cd076fed6118cd055e279b32e689efbb76404b4f,True,True,4,3,1,0,1,0,0,0,MODIFIED_TEST_CANDIDATE,pytest saleor/graphql/product/tests/test_variant.py
saleor-rc-cdcbd5cda46e,OK,94ea1418175967f4c1bf0c8731a1008bf9c6f1bf,cdcbd5cda46e00856270c4ad86214ffe6d2ed349,True,True,1,1,0,0,0,0,0,0,NO_CHANGED_TEST_EVIDENCE,
saleor-rc-ce3b63edecef,OK,a1bc6ba44cc977f4bff45b3164302d2b2555d754,ce3b63edecef7c942ac88888a4bc77149086bbd3,True,True,22,4,18,1,17,0,0,0,STRONG_F2P_CANDIDATE,pytest saleor/core/tests/test_sqs.py; pytest saleor/graphql/checkout/tests/mutations/test_checkout_add_promo_code.py; pytest saleor/graphql/checkout/tests/mutations/test_checkout_billing_address_update.py; pytest saleor/graphql/checkout/tests/mutations/test_checkout_create.py; pytest saleor/graphql/checkout/tests/mutations/test_checkout_customer_attach.py; pytest saleor/graphql/checkout/tests/mutations/test_checkout_customer_detach.py; pytest saleor/graphql/checkout/tests/mutations/test_checkout_customer_note_update.py; pytest saleor/graphql/checkout/tests/mutations/test_checkout_delivery_method_update.py; pytest saleor/graphql/checkout/tests/mutations/test_checkout_email_update.py; pytest saleor/graphql/checkout/tests/mutations/test_checkout_language_code_update.py; pytest saleor/graphql/checkout/tests/mutations/test_checkout_line_delete.py; pytest saleor/graphql/checkout/tests/mutations/test_checkout_lines_add.py; pytest saleor/graphql/checkout/tests/mutations/test_checkout_lines_delete.py; pytest saleor/graphql/checkout/tests/mutations/test_checkout_lines_update.py; pytest saleor/graphql/checkout/tests/mutations/test_checkout_remove_promo_code.py; pytest saleor/graphql/checkout/tests/mutations/test_checkout_shipping_address_update.py; pytest saleor/graphql/checkout/tests/mutations/test_checkout_shipping_method_update.py; pytest saleor/webhook/transport/asynchronous/tests/test_deferred_payload.py
saleor-rc-cff241afc8d7,OK,b7f3deb08f40854327310f97566cd4e4c01a82c7,cff241afc8d75dde69778460ebb2fda0e64a2593,True,True,2,2,0,0,0,0,0,0,NO_CHANGED_TEST_EVIDENCE,
saleor-rc-d24336188b88,OK,8ec5811aa3a833b991cb5c2f1efa3705e19c9f3a,d24336188b88c0ac93712245550cccea856fc00a,True,True,1,1,0,0,0,0,0,0,NO_CHANGED_TEST_EVIDENCE,
saleor-rc-d299e27e5f04,OK,a937b5b9701a898a7b97b05c2faec0e678376c1d,d299e27e5f044b98d8314fa19a10c0c7f7d5c9c8,True,True,4,2,2,0,2,0,0,0,MODIFIED_TEST_CANDIDATE,pytest saleor/graphql/checkout/tests/benchmark/test_checkout_mutations.py; pytest saleor/graphql/checkout/tests/test_checkout_promo_codes.py
saleor-rc-d361479ab7da,OK,e46cc8120e2265a30811a58f140f1f13bcbe1470,d361479ab7da3060cf26e8dbb52c9aab89fab0c0,True,True,3,1,2,0,2,0,0,0,MODIFIED_TEST_CANDIDATE,pytest saleor/graphql/core/tests/test_file_validation.py; pytest saleor/thumbnail/tests/test_utils.py
saleor-rc-d3ab58054844,OK,0c6de141461fa8b7ff944ea0df74afa1ac72e04d,d3ab580548448a4804d9c40a9cc1bd7699624c7c,True,True,10,6,4,0,4,0,0,0,MODIFIED_TEST_CANDIDATE,pytest saleor/checkout/tests/test_checkout_complete.py; pytest saleor/giftcard/tests/test_utils.py; pytest saleor/graphql/checkout/tests/test_checkout_complete.py; pytest saleor/order/tests/test_order_utils.py
saleor-rc-d498167dcd30,OK,853ed54e0526c4c22a9ac5ff90acceccb8c6143b,d498167dcd3037b15682c8ec8278d38ab1a465dd,True,True,8,2,6,0,6,0,0,0,MODIFIED_TEST_CANDIDATE,pytest saleor/graphql/checkout/tests/mutations/test_checkout_complete_with_payment.py; pytest saleor/graphql/checkout/tests/mutations/test_checkout_complete_with_transactions.py; pytest saleor/graphql/checkout/tests/mutations/test_checkout_shipping_method_update.py; pytest saleor/graphql/checkout/tests/mutations/test_order_create_from_checkout.py; pytest saleor/graphql/checkout/tests/test_checkout.py; pytest saleor/graphql/order/tests/queries/test_order.py
saleor-rc-d4fcbd22a853,OK,1337f67b001927aac5c30854debdd1de8e6ccfcf,d4fcbd22a8536be6a5ba4c0254eac89b67799b8e,True,True,2,1,1,0,1,0,0,0,MODIFIED_TEST_CANDIDATE,pytest saleor/order/tests/test_tasks.py
saleor-rc-d6656e0f2a1d,OK,7700a81e6e6bf693085da3ad875157c468878a49,d6656e0f2a1d955b64a48fe21a7fd733203a8cd8,True,True,3,1,2,0,2,0,0,0,MODIFIED_TEST_CANDIDATE,pytest saleor/graphql/product/tests/queries/test_product_query.py; pytest saleor/graphql/product/tests/queries/test_variant_query.py
saleor-rc-d78378d275dd,OK,01f6a116f8de0f439e687b4bdd9e8645610513b2,d78378d275dd09ce35d1e1e36440a67744f35615,True,True,2,1,0,0,0,0,1,0,NO_CHANGED_TEST_EVIDENCE,
saleor-rc-d7b03a3eeec0,OK,ffc07d1c48d62b60bb9c74760241232b13db3f77,d7b03a3eeec016efdcc6119ae4cd77726df9b282,True,True,21,7,14,0,14,0,0,0,MODIFIED_TEST_CANDIDATE,pytest saleor/discount/tests/test_utils/test_copy_unit_discount_data_to_order_line.py; pytest saleor/discount/tests/test_utils/test_create_or_update_discount_objects_from_promotion_for_order.py; pytest saleor/discount/tests/test_utils/test_create_voucher_discount_object_for_order.py; pytest saleor/discount/tests/test_utils/test_update_voucher_discount_object_for_order.py; pytest saleor/graphql/checkout/tests/benchmark/test_checkout_mutations.py; pytest saleor/graphql/order/tests/deprecated/test_order.py; pytest saleor/graphql/order/tests/mutations/test_draft_order_complete.py; pytest saleor/graphql/order/tests/mutations/test_order_discount.py; pytest saleor/graphql/order/tests/mutations/test_order_line_update.py; pytest saleor/order/tests/fixtures/order.py; pytest saleor/order/tests/test_fetch_order_prices.py; pytest saleor/order/tests/test_fetch_order_prices_line_price_expiration.py; pytest saleor/order/tests/test_fetch_order_prices_tax_app.py; pytest saleor/order/tests/test_refresh_order_base_prices_and_discounts.py
saleor-rc-d8a4cd122bf0,OK,b54d785cf83c3d41967cb22fa477a3fbcdda487a,d8a4cd122bf0a1828588e17d7045c52b7b3da7fa,True,True,6,3,3,0,3,0,0,0,MODIFIED_TEST_CANDIDATE,pytest saleor/graphql/core/tests/test_validators.py; pytest saleor/graphql/discount/tests/test_discount.py; pytest saleor/graphql/giftcard/tests/test_gift_card.py
saleor-rc-dacded922b1f,OK,8d08f65fbf18abf97d424e2b4a186eb3a38071ed,dacded922b1f6482c90e12baa27fbc9109c89a29,True,True,13,7,6,0,6,0,0,0,MODIFIED_TEST_CANDIDATE,pytest saleor/graphql/product/tests/mutations/test_product_variant_stocks_update.py; pytest saleor/graphql/warehouse/tests/benchmark/test_stock_bulk_update.py; pytest saleor/graphql/warehouse/tests/bulk_mutations/test_stock_bulk_update.py; pytest saleor/plugins/webhook/tests/test_webhook.py; pytest saleor/webhook/tests/subscription_webhooks/test_webhook.py; pytest saleor/webhook/transport/asynchronous/tests/test_create_deliveries_for_subscriptions.py
saleor-rc-db5440f7994f,OK,951f2690c8b6ba776141f5cc51b905f8b44c1869,db5440f7994f02f85c621a604d9813329db43e56,True,True,3,2,1,0,1,0,0,0,MODIFIED_TEST_CANDIDATE,pytest saleor/graphql/attribute/tests/queries/test_selected_attribute.py
saleor-rc-dc08f06119f5,OK,9633a118aba1743efeb7a0f99a885d8139f7f851,dc08f06119f5dec7f77a83f24a241af9a2156d0f,True,True,2,2,0,0,0,0,0,0,NO_CHANGED_TEST_EVIDENCE,
saleor-rc-dd8ead382526,OK,882536fe57d0f7b81efbb8db4095b37b1b2cd6cf,dd8ead3825260c154f7ee5ec00fd7e31cb17a1d0,True,True,7,3,4,0,4,0,0,0,MODIFIED_TEST_CANDIDATE,pytest saleor/app/tests/test_installation_utils.py; pytest saleor/graphql/webhook/tests/mutations/test_webhook_create.py; pytest saleor/graphql/webhook/tests/mutations/test_webhook_update.py; pytest saleor/webhook/tests/test_webhook_validators.py
saleor-rc-ddb8921a6744,OK,6ca955250d717c693c74f96d007ab928d7a564d8,ddb8921a67441288b2489135a2490f6062d7a7c4,True,True,25,13,12,0,12,0,0,0,MODIFIED_TEST_CANDIDATE,pytest saleor/graphql/discount/tests/deprecated/test_voucher_create.py; pytest saleor/graphql/discount/tests/deprecated/test_voucher_update.py; pytest saleor/graphql/discount/tests/mutations/test_voucher_code_bulk_delete.py; pytest saleor/graphql/discount/tests/mutations/test_voucher_create.py; pytest saleor/graphql/discount/tests/mutations/test_voucher_delete.py; pytest saleor/graphql/discount/tests/mutations/test_voucher_update.py; pytest saleor/graphql/tests/queries/fragments.py; pytest saleor/plugins/webhook/tests/subscription_webhooks/fixtures.py; pytest saleor/plugins/webhook/tests/subscription_webhooks/payloads.py; pytest saleor/plugins/webhook/tests/subscription_webhooks/subscription_queries.py; pytest saleor/plugins/webhook/tests/subscription_webhooks/test_create_deliveries_for_subscription.py; pytest saleor/tests/fixtures.py
saleor-rc-dea5ffb730ac,OK,6d1eb518532e288f43a20ec0abdc612998afddd0,dea5ffb730acea34e4f6a5f15cc17036149c9cce,True,True,13,9,2,0,2,0,1,1,MODIFIED_TEST_CANDIDATE,pytest saleor/order/tests/fixtures/fulfillment.py; pytest saleor/plugins/webhook/tests/test_payment_webhook.py
saleor-rc-deb12c0433a5,OK,0fcc6a0f9edb90ccd0b1cf90afe687456c675ace,deb12c0433a508386a9d459ad6b0068c2618f393,True,True,4,4,0,0,0,0,0,0,NO_CHANGED_TEST_EVIDENCE,
saleor-rc-def20fe86d03,OK,a5586e852970554fcd4967f0af2e377b201dba11,def20fe86d0350196e66981ba2dfd752d7d8f11b,True,True,1,1,0,0,0,0,0,0,NO_CHANGED_TEST_EVIDENCE,
saleor-rc-df270700f16e,OK,5ff8b6eeb9dd9093acb7527a96460319b9f51bb2,df270700f16ed5d6bfad55d8bafb87c8e6e8ad3f,True,True,2,2,0,0,0,0,0,0,NO_CHANGED_TEST_EVIDENCE,
saleor-rc-df7c7d4e8466,OK,667837a09f5aeceb72437461f623158aa529a8c0,df7c7d4e84667ac413cefaf9041518e87146f326,True,True,5,4,1,0,1,0,0,0,MODIFIED_TEST_CANDIDATE,pytest saleor/plugins/webhook/tests/test_webhook_protocols.py
saleor-rc-e0890780bf56,OK,2dd70df51c47bfe2e966ee060da805a9d7e0535f,e0890780bf56856d2b20ac14b1786749309450ae,True,True,4,3,1,0,1,0,0,0,MODIFIED_TEST_CANDIDATE,pytest saleor/graphql/product/tests/mutations/test_collection_add_products.py
saleor-rc-e089e93419bf,OK,51d8b65d1c017562a187f6d6fe6a468e81e9d317,e089e93419bf164f0c3d24d9642db56104f221e2,True,True,13,12,1,0,1,0,0,0,MODIFIED_TEST_CANDIDATE,pytest saleor/plugins/webhook/tests/test_webhook.py
saleor-rc-e0f2933d58b9,OK,2ff53751c7aa3d889ab07e9055ec03402c7faf21,e0f2933d58b973ae61ca26b22a89da026aaaa7ad,True,True,3,1,2,1,1,0,0,0,STRONG_F2P_CANDIDATE,pytest saleor/graphql/core/tests/test_json_string_scalar.py; pytest saleor/graphql/product/tests/mutations/test_product_bulk_create.py
saleor-rc-e12689231d3b,OK,70957dcb61b9288c7d8d3e38438012512cb98709,e12689231d3b6c58e59a5c775d499d4977390062,True,True,1,1,0,0,0,0,0,0,NO_CHANGED_TEST_EVIDENCE,
saleor-rc-e129a4d6f9b1,OK,7cf4e3392e82a234afa3f37dbf03b4d51139d2cb,e129a4d6f9b1cd4e5988c05a173eea4e72564a73,True,True,2,1,1,0,1,0,0,0,MODIFIED_TEST_CANDIDATE,pytest saleor/graphql/product/tests/mutations/test_product_variant_create.py
saleor-rc-e2031f0dc458,OK,8d64849187dae9695820a11fdbb597f6b41654a7,e2031f0dc458bf0c7bfba37e89b77ee7012f62e8,True,True,4,1,0,0,0,0,3,0,NO_CHANGED_TEST_EVIDENCE,
saleor-rc-e28ca6ad6442,OK,5b2ee678d86ceadd6f97b7e8c8f9be7ddb44d4fe,e28ca6ad6442fa4f407e7e38d3d78239cba6a43b,True,True,2,1,1,0,1,0,0,0,MODIFIED_TEST_CANDIDATE,pytest saleor/attribute/tests/models/test_base.py
saleor-rc-e429b8be07fd,OK,f3c7b7c80b53ce0f9a6c86177ff749b9efc93b07,e429b8be07fd71bad54ebfe7539d82e02e6af568,True,True,4,2,2,0,2,0,0,0,MODIFIED_TEST_CANDIDATE,pytest saleor/graphql/warehouse/tests/benchmark/test_stock_bulk_update.py; pytest saleor/tests/fixtures.py
saleor-rc-e6198146186d,OK,4dd4c81d8807dc4197ff71ca4c15f4fa1f84ba97,e6198146186d1c782bf46f6c9439fa05b1049b2f,True,True,7,5,2,0,2,0,0,0,MODIFIED_TEST_CANDIDATE,pytest saleor/graphql/payment/tests/mutations/test_transaction_event_report.py; pytest saleor/payment/tests/test_utils.py
saleor-rc-e7175003a542,OK,4d333d041821ec49a8a1d570e711a9779aef1c66,e7175003a542258f15e341a90a305f6c4cc61df2,True,True,4,2,2,0,2,0,0,0,MODIFIED_TEST_CANDIDATE,pytest saleor/csv/tests/export/test_export.py; pytest saleor/graphql/csv/tests/mutations/test_export_products.py
saleor-rc-e71c1f4caef7,OK,8846222a676cf7f55ace09152a9d8da20b9bff6d,e71c1f4caef7de6cb960a26c1b772a7d4e706612,True,True,2,2,0,0,0,0,0,0,NO_CHANGED_TEST_EVIDENCE,
saleor-rc-e8733aee630a,OK,d498167dcd3037b15682c8ec8278d38ab1a465dd,e8733aee630a007e0ec031e772ed517ce6c20e9d,True,True,3,2,1,0,1,0,0,0,MODIFIED_TEST_CANDIDATE,pytest saleor/plugins/avatax/tests/test_avatax.py
saleor-rc-ea98ffa79753,OK,da65c262b97e691afdfa655640a8d15772ef54e2,ea98ffa797530747a25690132390669aa6daba03,True,True,22,15,2,0,2,0,1,4,MODIFIED_TEST_CANDIDATE,pytest saleor/graphql/product/tests/queries/test_product_query.py; pytest saleor/thumbnail/tests/test_utils.py
saleor-rc-eaf1577585a2,OK,c3fba1fec76253535bf6391edb6739d5ea5ef9a8,eaf1577585a27225ca9cce295ab725704b1861c6,True,True,7,5,2,0,2,0,0,0,MODIFIED_TEST_CANDIDATE,pytest saleor/graphql/payment/tests/test_payment.py; pytest saleor/payment/tests/test_payment.py
saleor-rc-eb61406cecc5,OK,7da994d66f69d13a5644f5f5824ca52e69b45762,eb61406cecc519cea6b2cbd7f042d1d4975e7075,True,True,3,2,1,0,1,0,0,0,MODIFIED_TEST_CANDIDATE,pytest saleor/warehouse/tests/test_warehouse.py
saleor-rc-ee2b248d8076,OK,43f72a14a242f5630ef5446de8fb6365a1bd04c5,ee2b248d80761573cd8ce460493a7036bcd9ce77,True,True,3,3,0,0,0,0,0,0,NO_CHANGED_TEST_EVIDENCE,
saleor-rc-ef4d31a09e7c,OK,db3bca12cd59a82dd44ae2008a5be79538ed867b,ef4d31a09e7cfb67e7161b1aaa077a98888e7f1a,True,True,13,3,10,0,10,0,0,0,MODIFIED_TEST_CANDIDATE,pytest saleor/attribute/tests/test_utils.py; pytest saleor/graphql/account/tests/test_account_permission_group.py; pytest saleor/graphql/attribute/tests/test_utils.py; pytest saleor/graphql/page/tests/test_page_type_update.py; pytest saleor/graphql/product/tests/test_attributes.py; pytest saleor/order/tests/test_order.py; pytest saleor/order/tests/test_order_actions.py; pytest saleor/order/tests/test_order_utils.py; pytest saleor/tests/fixtures.py; pytest saleor/warehouse/tests/test_stock_management.py
saleor-rc-f1d4e82c1dea,OK,f6d7d6ab88bdcb9e82f3f3b4593df8a1ca242107,f1d4e82c1dea2283fb108324a6944adc1e2d82e0,True,True,6,3,3,0,3,0,0,0,MODIFIED_TEST_CANDIDATE,pytest saleor/graphql/meta/tests/__init__.py; pytest saleor/graphql/meta/tests/test_meta_mutations.py; pytest saleor/payment/tests/test_payment.py
saleor-rc-f2207c408917,OK,19a70a04af45ab0c62dc2b476c7c37a6aed4327c,f2207c408917b6f8c0f4b7e55497a08e45304b21,True,True,10,10,0,0,0,0,0,0,NO_CHANGED_TEST_EVIDENCE,
saleor-rc-f3a0bc28797b,OK,40d0e7ffcb18abb7f1fb7f508346e76794102541,f3a0bc28797b59bf52e7746d5c0991c744b9eb20,True,True,29,8,19,16,3,0,2,0,STRONG_F2P_CANDIDATE,pytest saleor/graphql/webhook/tests/mutations/test_webhook_create.py; pytest saleor/graphql/webhook/tests/mutations/test_webhook_update.py; pytest saleor/graphql/webhook/tests/test_subscription_query.py; pytest saleor/plugins/webhook/tests/subscription_webhooks/filterable_webhooks/__init__.py; pytest saleor/plugins/webhook/tests/subscription_webhooks/filterable_webhooks/test_draft_order_created.py; pytest saleor/plugins/webhook/tests/subscription_webhooks/filterable_webhooks/test_draft_order_deleted.py; pytest saleor/plugins/webhook/tests/subscription_webhooks/filterable_webhooks/test_draft_order_updated.py; pytest saleor/plugins/webhook/tests/subscription_webhooks/filterable_webhooks/test_order_bulk_created.py; pytest saleor/plugins/webhook/tests/subscription_webhooks/filterable_webhooks/test_order_cancelled.py; pytest saleor/plugins/webhook/tests/subscription_webhooks/filterable_webhooks/test_order_confirmed.py; pytest saleor/plugins/webhook/tests/subscription_webhooks/filterable_webhooks/test_order_created.py; pytest saleor/plugins/webhook/tests/subscription_webhooks/filterable_webhooks/test_order_expired.py; pytest saleor/plugins/webhook/tests/subscription_webhooks/filterable_webhooks/test_order_fulfilled.py; pytest saleor/plugins/webhook/tests/subscription_webhooks/filterable_webhooks/test_order_fully_paid.py; pytest saleor/plugins/webhook/tests/subscription_webhooks/filterable_webhooks/test_order_fully_refunded.py; pytest saleor/plugins/webhook/tests/subscription_webhooks/filterable_webhooks/test_order_metadata_updated.py; pytest saleor/plugins/webhook/tests/subscription_webhooks/filterable_webhooks/test_order_paid.py; pytest saleor/plugins/webhook/tests/subscription_webhooks/filterable_webhooks/test_order_refunded.py; pytest saleor/plugins/webhook/tests/subscription_webhooks/filterable_webhooks/test_order_updated.py
saleor-rc-f3a111394d43,OK,0f0d85b1dc4678f724548e4b142b6419076b4237,f3a111394d437982a6e0e6bb40a959a60e03924c,True,True,5,5,0,0,0,0,0,0,NO_CHANGED_TEST_EVIDENCE,
saleor-rc-f3a1ec65571f,OK,5893575a47db5e05f40837b6d15bcaf941ec50bc,f3a1ec65571fd2f81c3ceb439136e7451906ebc1,True,True,3,2,1,0,1,0,0,0,MODIFIED_TEST_CANDIDATE,pytest saleor/graphql/checkout/tests/test_checkout_complete.py
saleor-rc-f46a0a307197,OK,ac2d4ac172d37dd8e866b679b1a6538745b43c2b,f46a0a3071971f61dd336086a12a1eda2d0243a1,True,True,1,1,0,0,0,0,0,0,NO_CHANGED_TEST_EVIDENCE,
saleor-rc-f4cf223ac3f6,OK,8eb11da07f09437374cb82daa6f10a80a11a1c90,f4cf223ac3f6af5c9e080dcb261c60b982bb03e4,True,True,2,2,0,0,0,0,0,0,NO_CHANGED_TEST_EVIDENCE,
saleor-rc-f4eeba7fab16,OK,24c77fc83e2bba6dc8b10d93390e34cb55c495cd,f4eeba7fab16c9ab74ea14e8ff9fe1b2d60f2438,True,True,20,6,12,0,12,0,2,0,MODIFIED_TEST_CANDIDATE,pytest saleor/graphql/checkout/tests/mutations/test_checkout_complete.py; pytest saleor/graphql/checkout/tests/mutations/test_checkout_complete_with_payment.py; pytest saleor/graphql/checkout/tests/mutations/test_checkout_complete_with_transactions.py; pytest saleor/graphql/order/tests/mutations/test_draft_order_complete.py; pytest saleor/graphql/order/tests/mutations/test_draft_order_create.py; pytest saleor/graphql/order/tests/mutations/test_draft_order_update.py; pytest saleor/graphql/order/tests/queries/test_order.py; pytest saleor/order/tests/test_calculations.py; pytest saleor/order/tests/test_notifications.py; pytest saleor/order/tests/test_order.py; pytest saleor/tax/tests/test_order_calculations.py; pytest saleor/tests/fixtures.py
saleor-rc-f5d2c47e47c3,OK,5fe1e784620feea241193d6544fc11cb766f6200,f5d2c47e47c3dd5a13a9084188467ec6f875f6fc,True,True,8,4,4,0,4,0,0,0,MODIFIED_TEST_CANDIDATE,pytest saleor/order/tests/fixtures/order.py; pytest saleor/order/tests/test_calculations.py; pytest saleor/order/tests/test_fetch_order_prices.py; pytest saleor/tax/tests/test_order_calculations.py
saleor-rc-f605058a13e8,OK,f7edc48f9b91ed40503efcfed6f99a2b334f087b,f605058a13e8860662300dfd7188039d95d01b70,True,True,7,3,2,0,2,0,1,1,MODIFIED_TEST_CANDIDATE,pytest saleor/tests/fixtures.py; pytest saleor/tests/settings.py
saleor-rc-f623ab428821,OK,4da28ae4bb3853e02080c5007a8659647ff479eb,f623ab428821155d90063021fc2b643d4601819a,True,True,8,6,1,0,1,0,1,0,MODIFIED_TEST_CANDIDATE,pytest saleor/graphql/order/tests/queries/test_order_with_where.py
saleor-rc-f6a3751a8bc2,OK,538c6452235ce9cbef59bda3280c6b97ff2fdebf,f6a3751a8bc2bba473ac7e716a13d330c7ad0cfc,True,True,3,1,2,0,2,0,0,0,MODIFIED_TEST_CANDIDATE,pytest saleor/graphql/channel/tests/mutations/test_channel_create.py; pytest saleor/graphql/channel/tests/mutations/test_channel_update.py
saleor-rc-f74a5394c7f1,OK,5268e92e0e273811d17754522ebb833c72384c51,f74a5394c7f15392450bd9074d406c292abbb2fd,True,True,19,10,9,0,9,0,0,0,MODIFIED_TEST_CANDIDATE,pytest saleor/account/tests/test_notifications.py; pytest saleor/graphql/account/tests/mutations/account/test_account_register.py; pytest saleor/graphql/account/tests/mutations/account/test_confirm_account.py; pytest saleor/graphql/account/tests/mutations/account/test_send_confirmation_email.py; pytest saleor/graphql/account/tests/mutations/authentication/test_request_password_reset.py; pytest saleor/graphql/account/tests/mutations/authentication/test_set_password.py; pytest saleor/graphql/account/tests/mutations/staff/test_customer_create.py; pytest saleor/graphql/account/tests/mutations/staff/test_staff_create.py; pytest saleor/plugins/webhook/tests/test_webhook.py
saleor-rc-f76d0093b450,OK,0e0efbc30033fbc8b28b0b2c18f8c7bd9271d66b,f76d0093b450308b07adaafc930faa660a2a2fd7,True,True,4,3,1,0,1,0,0,0,MODIFIED_TEST_CANDIDATE,pytest saleor/order/tests/test_notifications.py
saleor-rc-f953990d221b,OK,b49fa2877e52fa2421bb2e345a82c1d35e5bb43e,f953990d221b5f59686ac4580926f2a9f178edf0,True,True,4,2,2,0,2,0,0,0,MODIFIED_TEST_CANDIDATE,pytest saleor/payment/gateways/stripe/tests/test_plugin.py; pytest saleor/payment/gateways/stripe/tests/test_stripe_api.py
saleor-rc-fa113018cb83,OK,38cd5b2f6d5c013291283dd5e534934d4b7c7e89,fa113018cb83e49f137ec47169cfae7856fd4dcb,True,True,9,9,0,0,0,0,0,0,NO_CHANGED_TEST_EVIDENCE,
saleor-rc-fa1ed1794a8a,OK,9e8453e351a9c4fae04822c1cb7b793c8c9b4283,fa1ed1794a8a84bcebee8c3b8dbe47128fa44833,True,True,2,1,1,0,1,0,0,0,MODIFIED_TEST_CANDIDATE,pytest saleor/asgi/tests/test_cors.py
saleor-rc-fbfc66e3a46b,OK,805dde7498000280dedea41b205ccf9a8b9babe4,fbfc66e3a46b2c4ae2b73183df87307d3193f1bf,True,True,11,8,3,0,3,0,0,0,MODIFIED_TEST_CANDIDATE,pytest saleor/graphql/page/tests/test_page.py; pytest saleor/graphql/webhook/tests/test_webhook.py; pytest saleor/plugins/webhook/tests/test_webhook.py
saleor-rc-fc4883ed7da4,OK,26eaa8c1bbbfddecafd44c67ff9ce33363c5c8e1,fc4883ed7da45c6370fb9ca5fc20ffd45ea36351,True,True,5,5,0,0,0,0,0,0,NO_CHANGED_TEST_EVIDENCE,
saleor-rc-fd463c8aae38,OK,8116df6e0d927d5d14e7f00015cf11c35cf9280a,fd463c8aae38b120f3d984fa881c1c7c61817591,True,True,3,2,1,0,1,0,0,0,MODIFIED_TEST_CANDIDATE,pytest saleor/graphql/order/tests/mutations/test_order_discount.py
saleor-rc-fd5b7971c5d2,OK,5821309aed09ba6f1089f9f2f08691bd3812b8b3,fd5b7971c5d29036e24ec05cd569711e4568a977,True,True,4,2,2,0,2,0,0,0,MODIFIED_TEST_CANDIDATE,pytest saleor/graphql/warehouse/tests/test_stock.py; pytest saleor/warehouse/tests/test_stock.py
saleor-rc-fdca49f190e2,OK,4163d8e330aad10ebf6009a6698ea9dc06d8de74,fdca49f190e2a08af01560bd1bb0fa6fc8f728e0,True,True,1,1,0,0,0,0,0,0,NO_CHANGED_TEST_EVIDENCE,
saleor-rc-fe6e46266e81,OK,270285eb24f383fa567fa02e9b8bcc0c163992e3,fe6e46266e81980fad8675334613625e8880b1fd,True,True,2,1,1,0,1,0,0,0,MODIFIED_TEST_CANDIDATE,pytest saleor/core/tests/test_schedules.py
saleor-rc-ff0d35878a50,OK,8ef601aff8fdb23e8d63cbb1998bcc893d27aa32,ff0d35878a50de0845290b042133e42f5a9290ae,True,True,2,2,0,0,0,0,0,0,NO_CHANGED_TEST_EVIDENCE,
saleor-rc-ffe3a3ece0fb,OK,0b86741ca3eed158c56ba7d4402f9871816f18bf,ffe3a3ece0fb29cfbb7c02a032c86da31d17e8b3,True,True,2,1,1,0,1,0,0,0,MODIFIED_TEST_CANDIDATE,pytest saleor/graphql/payment/tests/mutations/test_transaction_request_action.py
