{"task_id": "saleor-rc-012472eb8482", "n_junit_archived": 30, "junit_bytes": 78417}
{"task_id": "saleor-rc-0491163b00ea", "n_junit_archived": 6, "junit_bytes": 66905}
{"task_id": "saleor-rc-05df3bec57e2", "n_junit_archived": 18, "junit_bytes": 523831}
{"task_id": "saleor-rc-05efc538ceb7", "n_junit_archived": 6, "junit_bytes": 20297418}
{"task_id": "saleor-rc-0a39d039049d", "n_junit_archived": 0, "junit_bytes": 6}
{"task_id": "saleor-rc-102e4e5b25e8", "n_junit_archived": 0, "junit_bytes": 24}
{"task_id": "saleor-rc-1088948818ee", "n_junit_archived": 0, "junit_bytes": 0}
{"task_id": "saleor-rc-123afcf33f70", "n_junit_archived": 0, "junit_bytes": 6}
{"task_id": "saleor-rc-15ce02ce683e", "n_junit_archived": 0, "junit_bytes": 0}
{"task_id": "saleor-rc-2242437272d9", "n_junit_archived": 0, "junit_bytes": 18}
{"task_id": "saleor-rc-22ec4dab0154", "n_junit_archived": 0, "junit_bytes": 18}
{"task_id": "saleor-rc-241dfa650f39", "n_junit_archived": 0, "junit_bytes": 0}
{"task_id": "saleor-rc-287509237561", "n_junit_archived": 0, "junit_bytes": 6}
{"task_id": "saleor-rc-2a7f13c25908", "n_junit_archived": 0, "junit_bytes": 6}
{"task_id": "saleor-rc-2b00c8f83063", "n_junit_archived": 0, "junit_bytes": 12}
{"task_id": "saleor-rc-2d45b76a52f2", "n_junit_archived": 0, "junit_bytes": 6}
{"task_id": "saleor-rc-2da6d8c2d18f", "n_junit_archived": 0, "junit_bytes": 0}
{"task_id": "saleor-rc-30e8558d6feb", "n_junit_archived": 0, "junit_bytes": 204}
{"task_id": "saleor-rc-331e18a7fe99", "n_junit_archived": 0, "junit_bytes": 0}
{"task_id": "saleor-rc-34511f977388", "n_junit_archived": 0, "junit_bytes": 6}
{"task_id": "saleor-rc-3496d8aa5998", "n_junit_archived": 0, "junit_bytes": 0}
{"task_id": "saleor-rc-36ca99071fff", "n_junit_archived": 0, "junit_bytes": 6}
{"task_id": "saleor-rc-39b4138e8550", "n_junit_archived": 0, "junit_bytes": 6}
{"task_id": "saleor-rc-3a6b7add7b0f", "n_junit_archived": 0, "junit_bytes": 6}
{"task_id": "saleor-rc-436f52ee3d0c", "n_junit_archived": 0, "junit_bytes": 6}
{"task_id": "saleor-rc-44c7495ca9bf", "n_junit_archived": 0, "junit_bytes": 12}
{"task_id": "saleor-rc-46a2a565f410", "n_junit_archived": 0, "junit_bytes": 57}
{"task_id": "saleor-rc-4f70686fa303", "n_junit_archived": 0, "junit_bytes": 36}
{"task_id": "saleor-rc-533a1a82f6e1", "n_junit_archived": 0, "junit_bytes": 6}
{"task_id": "saleor-rc-5a6f954424f3", "n_junit_archived": 0, "junit_bytes": 0}
{"task_id": "saleor-rc-5b0e5206c5fd", "n_junit_archived": 0, "junit_bytes": 6}
{"task_id": "saleor-rc-60c8722863c1", "n_junit_archived": 0, "junit_bytes": 6}
{"task_id": "saleor-rc-644f33094857", "n_junit_archived": 0, "junit_bytes": 24}
{"task_id": "saleor-rc-6459dd2d9135", "n_junit_archived": 0, "junit_bytes": 6}
{"task_id": "saleor-rc-6abb53f3407b", "n_junit_archived": 0, "junit_bytes": 18}
{"task_id": "saleor-rc-6cf5cf04fa6f", "n_junit_archived": 0, "junit_bytes": 0}
{"task_id": "saleor-rc-6e0a2cfc9287", "n_junit_archived": 0, "junit_bytes": 0}
{"task_id": "saleor-rc-6f1f1720fc7c", "n_junit_archived": 0, "junit_bytes": 0}
{"task_id": "saleor-rc-6f37bd256e12", "n_junit_archived": 0, "junit_bytes": 18}
{"task_id": "saleor-rc-74538ea00ce9", "n_junit_archived": 0, "junit_bytes": 24}
{"task_id": "saleor-rc-7ae893782a50", "n_junit_archived": 0, "junit_bytes": 0}
{"task_id": "saleor-rc-7bd135e0f109", "n_junit_archived": 0, "junit_bytes": 12}
{"task_id": "saleor-rc-7cc2983b1ae2", "n_junit_archived": 0, "junit_bytes": 6}
{"task_id": "saleor-rc-7d4bcc752c20", "n_junit_archived": 0, "junit_bytes": 18}
{"task_id": "saleor-rc-7dcf89985e0c", "n_junit_archived": 0, "junit_bytes": 0}
{"task_id": "saleor-rc-823b899757ab", "n_junit_archived": 0, "junit_bytes": 6}
{"task_id": "saleor-rc-82c56bde0e34", "n_junit_archived": 0, "junit_bytes": 30}
{"task_id": "saleor-rc-836d01d8429f", "n_junit_archived": 0, "junit_bytes": 0}
{"task_id": "saleor-rc-8e665a4bd2b7", "n_junit_archived": 0, "junit_bytes": 0}
{"task_id": "saleor-rc-8f76ddc6267f", "n_junit_archived": 0, "junit_bytes": 6}
{"task_id": "saleor-rc-91e2826c47f7", "n_junit_archived": 0, "junit_bytes": 12}
{"task_id": "saleor-rc-9258154b8a0b", "n_junit_archived": 0, "junit_bytes": 36}
{"task_id": "saleor-rc-939093a9c65c", "n_junit_archived": 0, "junit_bytes": 0}
{"task_id": "saleor-rc-93b20d78c011", "n_junit_archived": 0, "junit_bytes": 6}
{"task_id": "saleor-rc-959e39f8ec9d", "n_junit_archived": 0, "junit_bytes": 12}
{"task_id": "saleor-rc-9698135fe4fc", "n_junit_archived": 0, "junit_bytes": 18}
{"task_id": "saleor-rc-99d963aed3e5", "n_junit_archived": 0, "junit_bytes": 36}
{"task_id": "saleor-rc-9aa434eeefe7", "n_junit_archived": 0, "junit_bytes": 90}
{"task_id": "saleor-rc-9bf2755c9bd0", "n_junit_archived": 0, "junit_bytes": 6}
{"task_id": "saleor-rc-9cbfb0b7e7f9", "n_junit_archived": 0, "junit_bytes": 18}
{"task_id": "saleor-rc-a1a7a223bba2", "n_junit_archived": 0, "junit_bytes": 6}
{"task_id": "saleor-rc-a3c478408852", "n_junit_archived": 0, "junit_bytes": 12}
{"task_id": "saleor-rc-a8e6a4dd55fe", "n_junit_archived": 0, "junit_bytes": 0}
{"task_id": "saleor-rc-a91ea48a60a7", "n_junit_archived": 0, "junit_bytes": 6}
{"task_id": "saleor-rc-a9d2e2dcae26", "n_junit_archived": 0, "junit_bytes": 0}
{"task_id": "saleor-rc-ac8fa3811174", "n_junit_archived": 0, "junit_bytes": 0}
{"task_id": "saleor-rc-aca84e6c4252", "n_junit_archived": 0, "junit_bytes": 6}
{"task_id": "saleor-rc-b14def73518c", "n_junit_archived": 0, "junit_bytes": 24}
{"task_id": "saleor-rc-b410358502a1", "n_junit_archived": 0, "junit_bytes": 6}
{"task_id": "saleor-rc-b497f8d82426", "n_junit_archived": 0, "junit_bytes": 12}
{"task_id": "saleor-rc-b5e99bb1c822", "n_junit_archived": 0, "junit_bytes": 18}
{"task_id": "saleor-rc-b910bd0b362e", "n_junit_archived": 0, "junit_bytes": 18}
{"task_id": "saleor-rc-b992c609fcc9", "n_junit_archived": 0, "junit_bytes": 6}
{"task_id": "saleor-rc-ba60125e45a0", "n_junit_archived": 0, "junit_bytes": 6}
{"task_id": "saleor-rc-bbba01a02725", "n_junit_archived": 0, "junit_bytes": 60}
{"task_id": "saleor-rc-bd704304c61d", "n_junit_archived": 0, "junit_bytes": 4}
{"task_id": "saleor-rc-be23aaf4548b", "n_junit_archived": 0, "junit_bytes": 0}
{"task_id": "saleor-rc-c3b9e396b07d", "n_junit_archived": 0, "junit_bytes": 12}
{"task_id": "saleor-rc-c4f01d449c62", "n_junit_archived": 0, "junit_bytes": 24}
{"task_id": "saleor-rc-c5828cf62020", "n_junit_archived": 0, "junit_bytes": 0}
{"task_id": "saleor-rc-c5f60bd46f72", "n_junit_archived": 0, "junit_bytes": 6}
{"task_id": "saleor-rc-c662d3a7e759", "n_junit_archived": 0, "junit_bytes": 6}
{"task_id": "saleor-rc-cafb853cc8cb", "n_junit_archived": 0, "junit_bytes": 6}
{"task_id": "saleor-rc-cb49da196b70", "n_junit_archived": 0, "junit_bytes": 12}
{"task_id": "saleor-rc-d1e6e0e2bbbc", "n_junit_archived": 0, "junit_bytes": 0}
{"task_id": "saleor-rc-d220843b5418", "n_junit_archived": 0, "junit_bytes": 6}
{"task_id": "saleor-rc-d2b8ef040b3c", "n_junit_archived": 0, "junit_bytes": 42}
{"task_id": "saleor-rc-d3847fa5f518", "n_junit_archived": 0, "junit_bytes": 12}
{"task_id": "saleor-rc-d7fe298a4752", "n_junit_archived": 0, "junit_bytes": 24}
{"task_id": "saleor-rc-dc6ac9d252df", "n_junit_archived": 0, "junit_bytes": 6}
{"task_id": "saleor-rc-ded69f9c7097", "n_junit_archived": 0, "junit_bytes": 6}
{"task_id": "saleor-rc-dfe77ac1c5dc", "n_junit_archived": 0, "junit_bytes": 6}
{"task_id": "saleor-rc-e03ee76d2b89", "n_junit_archived": 0, "junit_bytes": 6}
{"task_id": "saleor-rc-e25cf9b4a837", "n_junit_archived": 0, "junit_bytes": 24}
{"task_id": "saleor-rc-e3b6df2eba77", "n_junit_archived": 0, "junit_bytes": 30}
{"task_id": "saleor-rc-e5ff65b54ecd", "n_junit_archived": 0, "junit_bytes": 0}
{"task_id": "saleor-rc-e6853940414d", "n_junit_archived": 0, "junit_bytes": 12}
{"task_id": "saleor-rc-e83c3935bf85", "n_junit_archived": 0, "junit_bytes": 6}
{"task_id": "saleor-rc-eacffa70e721", "n_junit_archived": 0, "junit_bytes": 30}
{"task_id": "saleor-rc-eb609c301b5f", "n_junit_archived": 0, "junit_bytes": 6}
{"task_id": "saleor-rc-ecc752ffbe0f", "n_junit_archived": 0, "junit_bytes": 6}
{"task_id": "saleor-rc-ed023a25834d", "n_junit_archived": 0, "junit_bytes": 6}
{"task_id": "saleor-rc-f0316fed098d", "n_junit_archived": 0, "junit_bytes": 6}
{"task_id": "saleor-rc-f20d99e0cb0e", "n_junit_archived": 0, "junit_bytes": 10}
{"task_id": "saleor-rc-f365f77eb905", "n_junit_archived": 0, "junit_bytes": 15}
{"task_id": "saleor-rc-f383043e4be3", "n_junit_archived": 0, "junit_bytes": 18}
{"task_id": "saleor-rc-f73c4e95c828", "n_junit_archived": 0, "junit_bytes": 0}
{"task_id": "saleor-rc-f813a9fd37d3", "n_junit_archived": 0, "junit_bytes": 57}
{"task_id": "saleor-rc-fa9ea3af1251", "n_junit_archived": 0, "junit_bytes": 0}
{"task_id": "saleor-rc-fb2037b8f2fc", "n_junit_archived": 0, "junit_bytes": 54}
{"task_id": "saleor-rc-fd3f0905ee59", "n_junit_archived": 0, "junit_bytes": 0}
