case_id,split,baseline,k,selected_count,proxy_count,tp,fp,fn,precision,recall,f1,fnr,full_recall,seed_reason,build_seconds,query_seconds
djangocms-rc-06ecf3a8e8de,TRAIN,random,1,1,1,0,1,1,0.0,0.0,0.0,1.0,False,,0.0,0.00010990000009769574
djangocms-rc-06ecf3a8e8de,TRAIN,random,3,3,1,0,3,1,0.0,0.0,0.0,1.0,False,,0.0,8.290000005217735e-05
djangocms-rc-06ecf3a8e8de,TRAIN,random,5,5,1,0,5,1,0.0,0.0,0.0,1.0,False,,0.0,6.8700000156241e-05
djangocms-rc-06ecf3a8e8de,TRAIN,random,10,10,1,0,10,1,0.0,0.0,0.0,1.0,False,,0.0,7.420000019919826e-05
djangocms-rc-06ecf3a8e8de,TRAIN,bm25,1,1,1,0,1,1,0.0,0.0,0.0,1.0,False,,0.12433679999958258,0.008144800000081887
djangocms-rc-06ecf3a8e8de,TRAIN,bm25,3,3,1,0,3,1,0.0,0.0,0.0,1.0,False,,0.12433679999958258,0.00827320000007603
djangocms-rc-06ecf3a8e8de,TRAIN,bm25,5,5,1,0,5,1,0.0,0.0,0.0,1.0,False,,0.12433679999958258,0.008399800000006508
djangocms-rc-06ecf3a8e8de,TRAIN,bm25,10,10,1,0,10,1,0.0,0.0,0.0,1.0,False,,0.12433679999958258,0.008143699999891396
djangocms-rc-06ecf3a8e8de,TRAIN,path_token,1,1,1,0,1,1,0.0,0.0,0.0,1.0,False,,0.0,0.004396600000291073
djangocms-rc-06ecf3a8e8de,TRAIN,path_token,3,3,1,0,3,1,0.0,0.0,0.0,1.0,False,,0.0,0.004325799999605806
djangocms-rc-06ecf3a8e8de,TRAIN,path_token,5,5,1,0,5,1,0.0,0.0,0.0,1.0,False,,0.0,0.004402500000651344
djangocms-rc-06ecf3a8e8de,TRAIN,path_token,10,10,1,1,9,0,0.1,1.0,0.18181818181818182,0.0,True,,0.0,0.004257800000232237
djangocms-rc-06ecf3a8e8de,TRAIN,graph,1,1,1,0,1,1,0.0,0.0,0.0,1.0,False,seeds_ok,0.0,0.009070000000065193
djangocms-rc-06ecf3a8e8de,TRAIN,graph,3,3,1,0,3,1,0.0,0.0,0.0,1.0,False,seeds_ok,0.0,0.008810199999970791
djangocms-rc-06ecf3a8e8de,TRAIN,graph,5,5,1,0,5,1,0.0,0.0,0.0,1.0,False,seeds_ok,0.0,0.008812699999907636
djangocms-rc-06ecf3a8e8de,TRAIN,graph,10,10,1,1,9,0,0.1,1.0,0.18181818181818182,0.0,True,seeds_ok,0.0,0.008838600000672159
djangocms-rc-06ecf3a8e8de,TRAIN,hybrid,1,1,1,0,1,1,0.0,0.0,0.0,1.0,False,hybrid_alpha_0.5,0.12433679999958258,0.0046196999992389465
djangocms-rc-06ecf3a8e8de,TRAIN,hybrid,3,3,1,0,3,1,0.0,0.0,0.0,1.0,False,hybrid_alpha_0.5,0.12433679999958258,0.004632600000149978
djangocms-rc-06ecf3a8e8de,TRAIN,hybrid,5,5,1,0,5,1,0.0,0.0,0.0,1.0,False,hybrid_alpha_0.5,0.12433679999958258,0.0051625999994939775
djangocms-rc-06ecf3a8e8de,TRAIN,hybrid,10,10,1,0,10,1,0.0,0.0,0.0,1.0,False,hybrid_alpha_0.5,0.12433679999958258,0.004596599999786122
djangocms-rc-0daae01f2f65,VALIDATION,random,1,1,5,0,1,5,0.0,0.0,0.0,1.0,False,,0.0,0.00010469999961060239
djangocms-rc-0daae01f2f65,VALIDATION,random,3,3,5,0,3,5,0.0,0.0,0.0,1.0,False,,0.0,6.740000026184134e-05
djangocms-rc-0daae01f2f65,VALIDATION,random,5,5,5,0,5,5,0.0,0.0,0.0,1.0,False,,0.0,6.73000004098867e-05
djangocms-rc-0daae01f2f65,VALIDATION,random,10,10,5,0,10,5,0.0,0.0,0.0,1.0,False,,0.0,6.799999937356915e-05
djangocms-rc-0daae01f2f65,VALIDATION,bm25,1,1,5,0,1,5,0.0,0.0,0.0,1.0,False,,0.13489509999999427,0.008364600000277278
djangocms-rc-0daae01f2f65,VALIDATION,bm25,3,3,5,1,2,4,0.3333333333333333,0.2,0.25,0.8,False,,0.13489509999999427,0.008525299999746494
djangocms-rc-0daae01f2f65,VALIDATION,bm25,5,5,5,1,4,4,0.2,0.2,0.20000000000000004,0.8,False,,0.13489509999999427,0.008442399999694317
djangocms-rc-0daae01f2f65,VALIDATION,bm25,10,10,5,1,9,4,0.1,0.2,0.13333333333333333,0.8,False,,0.13489509999999427,0.00824689999990369
djangocms-rc-0daae01f2f65,VALIDATION,path_token,1,1,5,0,1,5,0.0,0.0,0.0,1.0,False,,0.0,0.004204400000162423
djangocms-rc-0daae01f2f65,VALIDATION,path_token,3,3,5,0,3,5,0.0,0.0,0.0,1.0,False,,0.0,0.004222700000354962
djangocms-rc-0daae01f2f65,VALIDATION,path_token,5,5,5,0,5,5,0.0,0.0,0.0,1.0,False,,0.0,0.004535600000053819
djangocms-rc-0daae01f2f65,VALIDATION,path_token,10,10,5,3,7,2,0.3,0.6,0.4,0.4,False,,0.0,0.00430899999992107
djangocms-rc-0daae01f2f65,VALIDATION,graph,1,1,5,0,1,5,0.0,0.0,0.0,1.0,False,seeds_ok,0.0,0.008954099999755272
djangocms-rc-0daae01f2f65,VALIDATION,graph,3,3,5,0,3,5,0.0,0.0,0.0,1.0,False,seeds_ok,0.0,0.00967320000017935
djangocms-rc-0daae01f2f65,VALIDATION,graph,5,5,5,0,5,5,0.0,0.0,0.0,1.0,False,seeds_ok,0.0,0.008684100000209583
djangocms-rc-0daae01f2f65,VALIDATION,graph,10,10,5,3,7,2,0.3,0.6,0.4,0.4,False,seeds_ok,0.0,0.00872350000008737
djangocms-rc-0daae01f2f65,VALIDATION,hybrid,1,1,5,0,1,5,0.0,0.0,0.0,1.0,False,hybrid_alpha_0.5,0.13489509999999427,0.004514100000051258
djangocms-rc-0daae01f2f65,VALIDATION,hybrid,3,3,5,1,2,4,0.3333333333333333,0.2,0.25,0.8,False,hybrid_alpha_0.5,0.13489509999999427,0.004603600000336883
djangocms-rc-0daae01f2f65,VALIDATION,hybrid,5,5,5,1,4,4,0.2,0.2,0.20000000000000004,0.8,False,hybrid_alpha_0.5,0.13489509999999427,0.004780399999617657
djangocms-rc-0daae01f2f65,VALIDATION,hybrid,10,10,5,2,8,3,0.2,0.4,0.26666666666666666,0.6,False,hybrid_alpha_0.5,0.13489509999999427,0.004461300000002666
djangocms-rc-0fec81224889,VALIDATION,random,1,1,3,0,1,3,0.0,0.0,0.0,1.0,False,,0.0,6.599999960599234e-05
djangocms-rc-0fec81224889,VALIDATION,random,3,3,3,0,3,3,0.0,0.0,0.0,1.0,False,,0.0,5.270000019663712e-05
djangocms-rc-0fec81224889,VALIDATION,random,5,5,3,0,5,3,0.0,0.0,0.0,1.0,False,,0.0,6.709999979648273e-05
djangocms-rc-0fec81224889,VALIDATION,random,10,10,3,1,9,2,0.1,0.3333333333333333,0.15384615384615383,0.6666666666666666,False,,0.0,6.24999993306119e-05
djangocms-rc-0fec81224889,VALIDATION,bm25,1,1,3,1,0,2,1.0,0.3333333333333333,0.5,0.6666666666666666,False,,0.11089799999990646,0.007423999999446096
djangocms-rc-0fec81224889,VALIDATION,bm25,3,3,3,3,0,0,1.0,1.0,1.0,0.0,True,,0.11089799999990646,0.007415400000354566
djangocms-rc-0fec81224889,VALIDATION,bm25,5,5,3,3,2,0,0.6,1.0,0.7499999999999999,0.0,True,,0.11089799999990646,0.007454699999470904
djangocms-rc-0fec81224889,VALIDATION,bm25,10,10,3,3,7,0,0.3,1.0,0.4615384615384615,0.0,True,,0.11089799999990646,0.007384699999420263
djangocms-rc-0fec81224889,VALIDATION,path_token,1,1,3,1,0,2,1.0,0.3333333333333333,0.5,0.6666666666666666,False,,0.0,0.004214000000501983
djangocms-rc-0fec81224889,VALIDATION,path_token,3,3,3,2,1,1,0.6666666666666666,0.6666666666666666,0.6666666666666666,0.3333333333333333,False,,0.0,0.004087299999810057
djangocms-rc-0fec81224889,VALIDATION,path_token,5,5,3,3,2,0,0.6,1.0,0.7499999999999999,0.0,True,,0.0,0.004108000000087486
djangocms-rc-0fec81224889,VALIDATION,path_token,10,10,3,3,7,0,0.3,1.0,0.4615384615384615,0.0,True,,0.0,0.004172999999354943
djangocms-rc-0fec81224889,VALIDATION,graph,1,1,3,1,0,2,1.0,0.3333333333333333,0.5,0.6666666666666666,False,seeds_ok,0.0,0.00852020000002085
djangocms-rc-0fec81224889,VALIDATION,graph,3,3,3,2,1,1,0.6666666666666666,0.6666666666666666,0.6666666666666666,0.3333333333333333,False,seeds_ok,0.0,0.008588400000007823
djangocms-rc-0fec81224889,VALIDATION,graph,5,5,3,3,2,0,0.6,1.0,0.7499999999999999,0.0,True,seeds_ok,0.0,0.008523399999830872
djangocms-rc-0fec81224889,VALIDATION,graph,10,10,3,3,7,0,0.3,1.0,0.4615384615384615,0.0,True,seeds_ok,0.0,0.008659099999931641
djangocms-rc-0fec81224889,VALIDATION,hybrid,1,1,3,1,0,2,1.0,0.3333333333333333,0.5,0.6666666666666666,False,hybrid_alpha_0.5,0.11089799999990646,0.004317099999752827
djangocms-rc-0fec81224889,VALIDATION,hybrid,3,3,3,3,0,0,1.0,1.0,1.0,0.0,True,hybrid_alpha_0.5,0.11089799999990646,0.004569299999275245
djangocms-rc-0fec81224889,VALIDATION,hybrid,5,5,3,3,2,0,0.6,1.0,0.7499999999999999,0.0,True,hybrid_alpha_0.5,0.11089799999990646,0.0043009999999412685
djangocms-rc-0fec81224889,VALIDATION,hybrid,10,10,3,3,7,0,0.3,1.0,0.4615384615384615,0.0,True,hybrid_alpha_0.5,0.11089799999990646,0.004347000000052503
djangocms-rc-1031d20fca28,VALIDATION,random,1,1,9,0,1,9,0.0,0.0,0.0,1.0,False,,0.0,7.379999988188501e-05
djangocms-rc-1031d20fca28,VALIDATION,random,3,3,9,0,3,9,0.0,0.0,0.0,1.0,False,,0.0,7.010000081209e-05
djangocms-rc-1031d20fca28,VALIDATION,random,5,5,9,1,4,8,0.2,0.1111111111111111,0.14285714285714285,0.8888888888888888,False,,0.0,6.67000003886642e-05
djangocms-rc-1031d20fca28,VALIDATION,random,10,10,9,1,9,8,0.1,0.1111111111111111,0.10526315789473685,0.8888888888888888,False,,0.0,6.680000024061883e-05
djangocms-rc-1031d20fca28,VALIDATION,bm25,1,1,9,0,1,9,0.0,0.0,0.0,1.0,False,,0.13289569999960804,0.009386099999574071
djangocms-rc-1031d20fca28,VALIDATION,bm25,3,3,9,1,2,8,0.3333333333333333,0.1111111111111111,0.16666666666666666,0.8888888888888888,False,,0.13289569999960804,0.009682299999440147
djangocms-rc-1031d20fca28,VALIDATION,bm25,5,5,9,1,4,8,0.2,0.1111111111111111,0.14285714285714285,0.8888888888888888,False,,0.13289569999960804,0.009869999999864376
djangocms-rc-1031d20fca28,VALIDATION,bm25,10,10,9,3,7,6,0.3,0.3333333333333333,0.3157894736842105,0.6666666666666666,False,,0.13289569999960804,0.009290099999816448
djangocms-rc-1031d20fca28,VALIDATION,path_token,1,1,9,0,1,9,0.0,0.0,0.0,1.0,False,,0.0,0.004472700000405894
djangocms-rc-1031d20fca28,VALIDATION,path_token,3,3,9,1,2,8,0.3333333333333333,0.1111111111111111,0.16666666666666666,0.8888888888888888,False,,0.0,0.004482099999222555
djangocms-rc-1031d20fca28,VALIDATION,path_token,5,5,9,1,4,8,0.2,0.1111111111111111,0.14285714285714285,0.8888888888888888,False,,0.0,0.004985900000065158
djangocms-rc-1031d20fca28,VALIDATION,path_token,10,10,9,2,8,7,0.2,0.2222222222222222,0.2105263157894737,0.7777777777777778,False,,0.0,0.004386099999464932
djangocms-rc-1031d20fca28,VALIDATION,graph,1,1,9,0,1,9,0.0,0.0,0.0,1.0,False,seeds_ok,0.0,0.009198199999445933
djangocms-rc-1031d20fca28,VALIDATION,graph,3,3,9,1,2,8,0.3333333333333333,0.1111111111111111,0.16666666666666666,0.8888888888888888,False,seeds_ok,0.0,0.009366499999487132
djangocms-rc-1031d20fca28,VALIDATION,graph,5,5,9,1,4,8,0.2,0.1111111111111111,0.14285714285714285,0.8888888888888888,False,seeds_ok,0.0,0.010498499999812339
djangocms-rc-1031d20fca28,VALIDATION,graph,10,10,9,2,8,7,0.2,0.2222222222222222,0.2105263157894737,0.7777777777777778,False,seeds_ok,0.0,0.009045400000104564
djangocms-rc-1031d20fca28,VALIDATION,hybrid,1,1,9,0,1,9,0.0,0.0,0.0,1.0,False,hybrid_alpha_0.5,0.13289569999960804,0.006345599999804108
djangocms-rc-1031d20fca28,VALIDATION,hybrid,3,3,9,1,2,8,0.3333333333333333,0.1111111111111111,0.16666666666666666,0.8888888888888888,False,hybrid_alpha_0.5,0.13289569999960804,0.004932599999847298
djangocms-rc-1031d20fca28,VALIDATION,hybrid,5,5,9,1,4,8,0.2,0.1111111111111111,0.14285714285714285,0.8888888888888888,False,hybrid_alpha_0.5,0.13289569999960804,0.004778600000463484
djangocms-rc-1031d20fca28,VALIDATION,hybrid,10,10,9,3,7,6,0.3,0.3333333333333333,0.3157894736842105,0.6666666666666666,False,hybrid_alpha_0.5,0.13289569999960804,0.004664199999751872
djangocms-rc-138abbb7e5f4,TRAIN,random,1,1,1,0,1,1,0.0,0.0,0.0,1.0,False,,0.0,7.310000000870787e-05
djangocms-rc-138abbb7e5f4,TRAIN,random,3,3,1,0,3,1,0.0,0.0,0.0,1.0,False,,0.0,6.740000026184134e-05
djangocms-rc-138abbb7e5f4,TRAIN,random,5,5,1,0,5,1,0.0,0.0,0.0,1.0,False,,0.0,6.549999943672447e-05
djangocms-rc-138abbb7e5f4,TRAIN,random,10,10,1,0,10,1,0.0,0.0,0.0,1.0,False,,0.0,7.74000000092201e-05
djangocms-rc-138abbb7e5f4,TRAIN,bm25,1,1,1,1,0,0,1.0,1.0,1.0,0.0,True,,0.12525449999975535,0.008749300000090443
djangocms-rc-138abbb7e5f4,TRAIN,bm25,3,3,1,1,2,0,0.3333333333333333,1.0,0.5,0.0,True,,0.12525449999975535,0.0075876000000789645
djangocms-rc-138abbb7e5f4,TRAIN,bm25,5,5,1,1,4,0,0.2,1.0,0.33333333333333337,0.0,True,,0.12525449999975535,0.008618800000476767
djangocms-rc-138abbb7e5f4,TRAIN,bm25,10,10,1,1,9,0,0.1,1.0,0.18181818181818182,0.0,True,,0.12525449999975535,0.0077848000000813045
djangocms-rc-138abbb7e5f4,TRAIN,path_token,1,1,1,0,1,1,0.0,0.0,0.0,1.0,False,,0.0,0.004119399999581219
djangocms-rc-138abbb7e5f4,TRAIN,path_token,3,3,1,0,3,1,0.0,0.0,0.0,1.0,False,,0.0,0.004520299999967392
djangocms-rc-138abbb7e5f4,TRAIN,path_token,5,5,1,0,5,1,0.0,0.0,0.0,1.0,False,,0.0,0.0040588000001662294
djangocms-rc-138abbb7e5f4,TRAIN,path_token,10,10,1,0,10,1,0.0,0.0,0.0,1.0,False,,0.0,0.004115000000638247
djangocms-rc-138abbb7e5f4,TRAIN,graph,1,1,1,0,1,1,0.0,0.0,0.0,1.0,False,seeds_ok,0.0,0.009160699999483768
djangocms-rc-138abbb7e5f4,TRAIN,graph,3,3,1,0,3,1,0.0,0.0,0.0,1.0,False,seeds_ok,0.0,0.008347699999831093
djangocms-rc-138abbb7e5f4,TRAIN,graph,5,5,1,0,5,1,0.0,0.0,0.0,1.0,False,seeds_ok,0.0,0.008394399999815505
djangocms-rc-138abbb7e5f4,TRAIN,graph,10,10,1,0,10,1,0.0,0.0,0.0,1.0,False,seeds_ok,0.0,0.008241999999881955
djangocms-rc-138abbb7e5f4,TRAIN,hybrid,1,1,1,0,1,1,0.0,0.0,0.0,1.0,False,hybrid_alpha_0.5,0.12525449999975535,0.004313000000365719
djangocms-rc-138abbb7e5f4,TRAIN,hybrid,3,3,1,0,3,1,0.0,0.0,0.0,1.0,False,hybrid_alpha_0.5,0.12525449999975535,0.00432120000004943
djangocms-rc-138abbb7e5f4,TRAIN,hybrid,5,5,1,1,4,0,0.2,1.0,0.33333333333333337,0.0,True,hybrid_alpha_0.5,0.12525449999975535,0.004323099999965052
djangocms-rc-138abbb7e5f4,TRAIN,hybrid,10,10,1,1,9,0,0.1,1.0,0.18181818181818182,0.0,True,hybrid_alpha_0.5,0.12525449999975535,0.004637600000023667
djangocms-rc-1ff5bf9149b4,TRAIN,random,1,1,2,0,1,2,0.0,0.0,0.0,1.0,False,,0.0,8.66999998834217e-05
djangocms-rc-1ff5bf9149b4,TRAIN,random,3,3,2,0,3,2,0.0,0.0,0.0,1.0,False,,0.0,7.540000024164328e-05
djangocms-rc-1ff5bf9149b4,TRAIN,random,5,5,2,0,5,2,0.0,0.0,0.0,1.0,False,,0.0,7.069999992381781e-05
djangocms-rc-1ff5bf9149b4,TRAIN,random,10,10,2,0,10,2,0.0,0.0,0.0,1.0,False,,0.0,7.349999941652641e-05
djangocms-rc-1ff5bf9149b4,TRAIN,bm25,1,1,2,1,0,1,1.0,0.5,0.6666666666666666,0.5,False,,0.12326239999947575,0.008332100000188802
djangocms-rc-1ff5bf9149b4,TRAIN,bm25,3,3,2,1,2,1,0.3333333333333333,0.5,0.4,0.5,False,,0.12326239999947575,0.00869909999983065
djangocms-rc-1ff5bf9149b4,TRAIN,bm25,5,5,2,2,3,0,0.4,1.0,0.5714285714285715,0.0,True,,0.12326239999947575,0.010196499999437947
djangocms-rc-1ff5bf9149b4,TRAIN,bm25,10,10,2,2,8,0,0.2,1.0,0.33333333333333337,0.0,True,,0.12326239999947575,0.008570599999984552
djangocms-rc-1ff5bf9149b4,TRAIN,path_token,1,1,2,0,1,2,0.0,0.0,0.0,1.0,False,,0.0,0.004350599999270344
djangocms-rc-1ff5bf9149b4,TRAIN,path_token,3,3,2,0,3,2,0.0,0.0,0.0,1.0,False,,0.0,0.00441309999951045
djangocms-rc-1ff5bf9149b4,TRAIN,path_token,5,5,2,0,5,2,0.0,0.0,0.0,1.0,False,,0.0,0.007483699999283999
djangocms-rc-1ff5bf9149b4,TRAIN,path_token,10,10,2,0,10,2,0.0,0.0,0.0,1.0,False,,0.0,0.004394499999762047
djangocms-rc-1ff5bf9149b4,TRAIN,graph,1,1,2,0,1,2,0.0,0.0,0.0,1.0,False,seeds_ok,0.0,0.009546899999804737
djangocms-rc-1ff5bf9149b4,TRAIN,graph,3,3,2,0,3,2,0.0,0.0,0.0,1.0,False,seeds_ok,0.0,0.010320700000193028
djangocms-rc-1ff5bf9149b4,TRAIN,graph,5,5,2,0,5,2,0.0,0.0,0.0,1.0,False,seeds_ok,0.0,0.01045209999938379
djangocms-rc-1ff5bf9149b4,TRAIN,graph,10,10,2,0,10,2,0.0,0.0,0.0,1.0,False,seeds_ok,0.0,0.010361800000282528
djangocms-rc-1ff5bf9149b4,TRAIN,hybrid,1,1,2,1,0,1,1.0,0.5,0.6666666666666666,0.5,False,hybrid_alpha_0.5,0.12326239999947575,0.004639699999643199
djangocms-rc-1ff5bf9149b4,TRAIN,hybrid,3,3,2,1,2,1,0.3333333333333333,0.5,0.4,0.5,False,hybrid_alpha_0.5,0.12326239999947575,0.004741900000226451
djangocms-rc-1ff5bf9149b4,TRAIN,hybrid,5,5,2,1,4,1,0.2,0.5,0.28571428571428575,0.5,False,hybrid_alpha_0.5,0.12326239999947575,0.004704799999672105
djangocms-rc-1ff5bf9149b4,TRAIN,hybrid,10,10,2,2,8,0,0.2,1.0,0.33333333333333337,0.0,True,hybrid_alpha_0.5,0.12326239999947575,0.004757900000186055
djangocms-rc-28ddd6d10308,TRAIN,random,1,1,3,0,1,3,0.0,0.0,0.0,1.0,False,,0.0,6.440000015572878e-05
djangocms-rc-28ddd6d10308,TRAIN,random,3,3,3,0,3,3,0.0,0.0,0.0,1.0,False,,0.0,7.660000028408831e-05
djangocms-rc-28ddd6d10308,TRAIN,random,5,5,3,0,5,3,0.0,0.0,0.0,1.0,False,,0.0,5.700000019714935e-05
djangocms-rc-28ddd6d10308,TRAIN,random,10,10,3,0,10,3,0.0,0.0,0.0,1.0,False,,0.0,6.579999990208307e-05
djangocms-rc-28ddd6d10308,TRAIN,bm25,1,1,3,0,1,3,0.0,0.0,0.0,1.0,False,,0.11237069999970117,0.009030399999574001
djangocms-rc-28ddd6d10308,TRAIN,bm25,3,3,3,0,3,3,0.0,0.0,0.0,1.0,False,,0.11237069999970117,0.008997699999781616
djangocms-rc-28ddd6d10308,TRAIN,bm25,5,5,3,0,5,3,0.0,0.0,0.0,1.0,False,,0.11237069999970117,0.009069499999895925
djangocms-rc-28ddd6d10308,TRAIN,bm25,10,10,3,1,9,2,0.1,0.3333333333333333,0.15384615384615383,0.6666666666666666,False,,0.11237069999970117,0.008939500000451517
djangocms-rc-28ddd6d10308,TRAIN,path_token,1,1,3,0,1,3,0.0,0.0,0.0,1.0,False,,0.0,0.004251100000146835
djangocms-rc-28ddd6d10308,TRAIN,path_token,3,3,3,1,2,2,0.3333333333333333,0.3333333333333333,0.3333333333333333,0.6666666666666666,False,,0.0,0.004210799999782466
djangocms-rc-28ddd6d10308,TRAIN,path_token,5,5,3,1,4,2,0.2,0.3333333333333333,0.25,0.6666666666666666,False,,0.0,0.004119600000194623
djangocms-rc-28ddd6d10308,TRAIN,path_token,10,10,3,1,9,2,0.1,0.3333333333333333,0.15384615384615383,0.6666666666666666,False,,0.0,0.0042025000002468005
djangocms-rc-28ddd6d10308,TRAIN,graph,1,1,3,0,1,3,0.0,0.0,0.0,1.0,False,seeds_ok,0.0,0.009087100000215287
djangocms-rc-28ddd6d10308,TRAIN,graph,3,3,3,1,2,2,0.3333333333333333,0.3333333333333333,0.3333333333333333,0.6666666666666666,False,seeds_ok,0.0,0.008695900000020629
djangocms-rc-28ddd6d10308,TRAIN,graph,5,5,3,1,4,2,0.2,0.3333333333333333,0.25,0.6666666666666666,False,seeds_ok,0.0,0.008920999999645574
djangocms-rc-28ddd6d10308,TRAIN,graph,10,10,3,1,9,2,0.1,0.3333333333333333,0.15384615384615383,0.6666666666666666,False,seeds_ok,0.0,0.008672500000102445
djangocms-rc-28ddd6d10308,TRAIN,hybrid,1,1,3,0,1,3,0.0,0.0,0.0,1.0,False,hybrid_alpha_0.5,0.11237069999970117,0.004542100000435312
djangocms-rc-28ddd6d10308,TRAIN,hybrid,3,3,3,0,3,3,0.0,0.0,0.0,1.0,False,hybrid_alpha_0.5,0.11237069999970117,0.004510400000071968
djangocms-rc-28ddd6d10308,TRAIN,hybrid,5,5,3,0,5,3,0.0,0.0,0.0,1.0,False,hybrid_alpha_0.5,0.11237069999970117,0.004644299999199575
djangocms-rc-28ddd6d10308,TRAIN,hybrid,10,10,3,1,9,2,0.1,0.3333333333333333,0.15384615384615383,0.6666666666666666,False,hybrid_alpha_0.5,0.11237069999970117,0.004371299999547773
djangocms-rc-2efae8e43bd6,TRAIN,random,1,1,1,0,1,1,0.0,0.0,0.0,1.0,False,,0.0,0.00010709999969549244
djangocms-rc-2efae8e43bd6,TRAIN,random,3,3,1,0,3,1,0.0,0.0,0.0,1.0,False,,0.0,6.440000015572878e-05
djangocms-rc-2efae8e43bd6,TRAIN,random,5,5,1,0,5,1,0.0,0.0,0.0,1.0,False,,0.0,6.719999964843737e-05
djangocms-rc-2efae8e43bd6,TRAIN,random,10,10,1,0,10,1,0.0,0.0,0.0,1.0,False,,0.0,6.579999990208307e-05
djangocms-rc-2efae8e43bd6,TRAIN,bm25,1,1,1,1,0,0,1.0,1.0,1.0,0.0,True,,0.14709709999988263,0.010327699999834294
djangocms-rc-2efae8e43bd6,TRAIN,bm25,3,3,1,1,2,0,0.3333333333333333,1.0,0.5,0.0,True,,0.14709709999988263,0.012631799999326176
djangocms-rc-2efae8e43bd6,TRAIN,bm25,5,5,1,1,4,0,0.2,1.0,0.33333333333333337,0.0,True,,0.14709709999988263,0.0100057999998171
djangocms-rc-2efae8e43bd6,TRAIN,bm25,10,10,1,1,9,0,0.1,1.0,0.18181818181818182,0.0,True,,0.14709709999988263,0.01223389999995561
djangocms-rc-2efae8e43bd6,TRAIN,path_token,1,1,1,1,0,0,1.0,1.0,1.0,0.0,True,,0.0,0.004596499999934167
djangocms-rc-2efae8e43bd6,TRAIN,path_token,3,3,1,1,2,0,0.3333333333333333,1.0,0.5,0.0,True,,0.0,0.004699600000094506
djangocms-rc-2efae8e43bd6,TRAIN,path_token,5,5,1,1,4,0,0.2,1.0,0.33333333333333337,0.0,True,,0.0,0.004751500000566011
djangocms-rc-2efae8e43bd6,TRAIN,path_token,10,10,1,1,9,0,0.1,1.0,0.18181818181818182,0.0,True,,0.0,0.004737300000670075
djangocms-rc-2efae8e43bd6,TRAIN,graph,1,1,1,1,0,0,1.0,1.0,1.0,0.0,True,seeds_ok,0.0,0.009596899999451125
djangocms-rc-2efae8e43bd6,TRAIN,graph,3,3,1,1,2,0,0.3333333333333333,1.0,0.5,0.0,True,seeds_ok,0.0,0.009627600000385428
djangocms-rc-2efae8e43bd6,TRAIN,graph,5,5,1,1,4,0,0.2,1.0,0.33333333333333337,0.0,True,seeds_ok,0.0,0.012491399999817077
djangocms-rc-2efae8e43bd6,TRAIN,graph,10,10,1,1,9,0,0.1,1.0,0.18181818181818182,0.0,True,seeds_ok,0.0,0.009531000000606582
djangocms-rc-2efae8e43bd6,TRAIN,hybrid,1,1,1,1,0,0,1.0,1.0,1.0,0.0,True,hybrid_alpha_0.5,0.14709709999988263,0.0050033000006806105
djangocms-rc-2efae8e43bd6,TRAIN,hybrid,3,3,1,1,2,0,0.3333333333333333,1.0,0.5,0.0,True,hybrid_alpha_0.5,0.14709709999988263,0.005227100000411156
djangocms-rc-2efae8e43bd6,TRAIN,hybrid,5,5,1,1,4,0,0.2,1.0,0.33333333333333337,0.0,True,hybrid_alpha_0.5,0.14709709999988263,0.00515460000042367
djangocms-rc-2efae8e43bd6,TRAIN,hybrid,10,10,1,1,9,0,0.1,1.0,0.18181818181818182,0.0,True,hybrid_alpha_0.5,0.14709709999988263,0.0049423999998907675
djangocms-rc-33fbdb18e5d4,TRAIN,random,1,1,2,0,1,2,0.0,0.0,0.0,1.0,False,,0.0,9.059999956662068e-05
djangocms-rc-33fbdb18e5d4,TRAIN,random,3,3,2,0,3,2,0.0,0.0,0.0,1.0,False,,0.0,8.280000020022271e-05
djangocms-rc-33fbdb18e5d4,TRAIN,random,5,5,2,0,5,2,0.0,0.0,0.0,1.0,False,,0.0,7.00999999025953e-05
djangocms-rc-33fbdb18e5d4,TRAIN,random,10,10,2,0,10,2,0.0,0.0,0.0,1.0,False,,0.0,0.00012760000026901253
djangocms-rc-33fbdb18e5d4,TRAIN,bm25,1,1,2,0,1,2,0.0,0.0,0.0,1.0,False,,0.12920370000028925,0.008074999999735155
djangocms-rc-33fbdb18e5d4,TRAIN,bm25,3,3,2,0,3,2,0.0,0.0,0.0,1.0,False,,0.12920370000028925,0.008036000000174681
djangocms-rc-33fbdb18e5d4,TRAIN,bm25,5,5,2,0,5,2,0.0,0.0,0.0,1.0,False,,0.12920370000028925,0.00808099999994738
djangocms-rc-33fbdb18e5d4,TRAIN,bm25,10,10,2,0,10,2,0.0,0.0,0.0,1.0,False,,0.12920370000028925,0.008433300000433519
djangocms-rc-33fbdb18e5d4,TRAIN,path_token,1,1,2,0,1,2,0.0,0.0,0.0,1.0,False,,0.0,0.0042167999999946915
djangocms-rc-33fbdb18e5d4,TRAIN,path_token,3,3,2,0,3,2,0.0,0.0,0.0,1.0,False,,0.0,0.0053612000001521665
djangocms-rc-33fbdb18e5d4,TRAIN,path_token,5,5,2,0,5,2,0.0,0.0,0.0,1.0,False,,0.0,0.004696999999396212
djangocms-rc-33fbdb18e5d4,TRAIN,path_token,10,10,2,0,10,2,0.0,0.0,0.0,1.0,False,,0.0,0.00417730000026495
djangocms-rc-33fbdb18e5d4,TRAIN,graph,1,0,2,0,0,2,0.0,0.0,0.0,1.0,False,no_defensible_seed_signal_stop_and_document,0.0,0.0041482000005999
djangocms-rc-33fbdb18e5d4,TRAIN,graph,3,0,2,0,0,2,0.0,0.0,0.0,1.0,False,no_defensible_seed_signal_stop_and_document,0.0,0.004464900000130001
djangocms-rc-33fbdb18e5d4,TRAIN,graph,5,0,2,0,0,2,0.0,0.0,0.0,1.0,False,no_defensible_seed_signal_stop_and_document,0.0,0.004179600000497885
djangocms-rc-33fbdb18e5d4,TRAIN,graph,10,0,2,0,0,2,0.0,0.0,0.0,1.0,False,no_defensible_seed_signal_stop_and_document,0.0,0.004109499999685795
djangocms-rc-33fbdb18e5d4,TRAIN,hybrid,1,1,2,0,1,2,0.0,0.0,0.0,1.0,False,graph_seed_empty_hybrid_is_pure_bm25,0.12920370000028925,0.1378231999997297
djangocms-rc-33fbdb18e5d4,TRAIN,hybrid,3,3,2,0,3,2,0.0,0.0,0.0,1.0,False,graph_seed_empty_hybrid_is_pure_bm25,0.12920370000028925,0.13774709999961487
djangocms-rc-33fbdb18e5d4,TRAIN,hybrid,5,5,2,0,5,2,0.0,0.0,0.0,1.0,False,graph_seed_empty_hybrid_is_pure_bm25,0.12920370000028925,0.13681540000015957
djangocms-rc-33fbdb18e5d4,TRAIN,hybrid,10,10,2,0,10,2,0.0,0.0,0.0,1.0,False,graph_seed_empty_hybrid_is_pure_bm25,0.12920370000028925,0.1462202000002435
djangocms-rc-39442083f18a,TRAIN,random,1,1,1,0,1,1,0.0,0.0,0.0,1.0,False,,0.0,9.479999971517827e-05
djangocms-rc-39442083f18a,TRAIN,random,3,3,1,0,3,1,0.0,0.0,0.0,1.0,False,,0.0,6.740000026184134e-05
djangocms-rc-39442083f18a,TRAIN,random,5,5,1,0,5,1,0.0,0.0,0.0,1.0,False,,0.0,6.969999958528206e-05
djangocms-rc-39442083f18a,TRAIN,random,10,10,1,0,10,1,0.0,0.0,0.0,1.0,False,,0.0,7.240000013553072e-05
djangocms-rc-39442083f18a,TRAIN,bm25,1,1,1,0,1,1,0.0,0.0,0.0,1.0,False,,0.12176300000010087,0.009541999999783002
djangocms-rc-39442083f18a,TRAIN,bm25,3,3,1,1,2,0,0.3333333333333333,1.0,0.5,0.0,True,,0.12176300000010087,0.008814599999823258
djangocms-rc-39442083f18a,TRAIN,bm25,5,5,1,1,4,0,0.2,1.0,0.33333333333333337,0.0,True,,0.12176300000010087,0.00859390000005078
djangocms-rc-39442083f18a,TRAIN,bm25,10,10,1,1,9,0,0.1,1.0,0.18181818181818182,0.0,True,,0.12176300000010087,0.008565400000406953
djangocms-rc-39442083f18a,TRAIN,path_token,1,1,1,0,1,1,0.0,0.0,0.0,1.0,False,,0.0,0.004339000000072701
djangocms-rc-39442083f18a,TRAIN,path_token,3,3,1,0,3,1,0.0,0.0,0.0,1.0,False,,0.0,0.005033200000070792
djangocms-rc-39442083f18a,TRAIN,path_token,5,5,1,0,5,1,0.0,0.0,0.0,1.0,False,,0.0,0.004529599999841594
djangocms-rc-39442083f18a,TRAIN,path_token,10,10,1,1,9,0,0.1,1.0,0.18181818181818182,0.0,True,,0.0,0.0042891000002782675
djangocms-rc-39442083f18a,TRAIN,graph,1,1,1,0,1,1,0.0,0.0,0.0,1.0,False,seeds_ok,0.0,0.008902099999431812
djangocms-rc-39442083f18a,TRAIN,graph,3,3,1,0,3,1,0.0,0.0,0.0,1.0,False,seeds_ok,0.0,0.009009899999909976
djangocms-rc-39442083f18a,TRAIN,graph,5,5,1,0,5,1,0.0,0.0,0.0,1.0,False,seeds_ok,0.0,0.00903440000001865
djangocms-rc-39442083f18a,TRAIN,graph,10,10,1,1,9,0,0.1,1.0,0.18181818181818182,0.0,True,seeds_ok,0.0,0.008863499999279156
djangocms-rc-39442083f18a,TRAIN,hybrid,1,1,1,0,1,1,0.0,0.0,0.0,1.0,False,hybrid_alpha_0.5,0.12176300000010087,0.00461749999976746
djangocms-rc-39442083f18a,TRAIN,hybrid,3,3,1,1,2,0,0.3333333333333333,1.0,0.5,0.0,True,hybrid_alpha_0.5,0.12176300000010087,0.004630899999938265
djangocms-rc-39442083f18a,TRAIN,hybrid,5,5,1,1,4,0,0.2,1.0,0.33333333333333337,0.0,True,hybrid_alpha_0.5,0.12176300000010087,0.004700399999819638
djangocms-rc-39442083f18a,TRAIN,hybrid,10,10,1,1,9,0,0.1,1.0,0.18181818181818182,0.0,True,hybrid_alpha_0.5,0.12176300000010087,0.004524900000433263
djangocms-rc-3f8fcb5fb63b,TRAIN,random,1,1,1,0,1,1,0.0,0.0,0.0,1.0,False,,0.0,7.220000043162145e-05
djangocms-rc-3f8fcb5fb63b,TRAIN,random,3,3,1,0,3,1,0.0,0.0,0.0,1.0,False,,0.0,6.56000001981738e-05
djangocms-rc-3f8fcb5fb63b,TRAIN,random,5,5,1,0,5,1,0.0,0.0,0.0,1.0,False,,0.0,6.609999945794698e-05
djangocms-rc-3f8fcb5fb63b,TRAIN,random,10,10,1,0,10,1,0.0,0.0,0.0,1.0,False,,0.0,6.329999996523838e-05
djangocms-rc-3f8fcb5fb63b,TRAIN,bm25,1,1,1,1,0,0,1.0,1.0,1.0,0.0,True,,0.1471080000001166,0.01169079999999667
djangocms-rc-3f8fcb5fb63b,TRAIN,bm25,3,3,1,1,2,0,0.3333333333333333,1.0,0.5,0.0,True,,0.1471080000001166,0.010049599999547354
djangocms-rc-3f8fcb5fb63b,TRAIN,bm25,5,5,1,1,4,0,0.2,1.0,0.33333333333333337,0.0,True,,0.1471080000001166,0.010098300000208837
djangocms-rc-3f8fcb5fb63b,TRAIN,bm25,10,10,1,1,9,0,0.1,1.0,0.18181818181818182,0.0,True,,0.1471080000001166,0.009609499999896798
djangocms-rc-3f8fcb5fb63b,TRAIN,path_token,1,1,1,0,1,1,0.0,0.0,0.0,1.0,False,,0.0,0.005012100000385544
djangocms-rc-3f8fcb5fb63b,TRAIN,path_token,3,3,1,0,3,1,0.0,0.0,0.0,1.0,False,,0.0,0.004488499999752094
djangocms-rc-3f8fcb5fb63b,TRAIN,path_token,5,5,1,1,4,0,0.2,1.0,0.33333333333333337,0.0,True,,0.0,0.004363000000012107
djangocms-rc-3f8fcb5fb63b,TRAIN,path_token,10,10,1,1,9,0,0.1,1.0,0.18181818181818182,0.0,True,,0.0,0.004764199999954144
djangocms-rc-3f8fcb5fb63b,TRAIN,graph,1,1,1,0,1,1,0.0,0.0,0.0,1.0,False,seeds_ok,0.0,0.009019199999784178
djangocms-rc-3f8fcb5fb63b,TRAIN,graph,3,3,1,0,3,1,0.0,0.0,0.0,1.0,False,seeds_ok,0.0,0.00982410000051459
djangocms-rc-3f8fcb5fb63b,TRAIN,graph,5,5,1,1,4,0,0.2,1.0,0.33333333333333337,0.0,True,seeds_ok,0.0,0.00936809999984689
djangocms-rc-3f8fcb5fb63b,TRAIN,graph,10,10,1,1,9,0,0.1,1.0,0.18181818181818182,0.0,True,seeds_ok,0.0,0.009073700000044482
djangocms-rc-3f8fcb5fb63b,TRAIN,hybrid,1,1,1,1,0,0,1.0,1.0,1.0,0.0,True,hybrid_alpha_0.5,0.1471080000001166,0.004706600000645267
djangocms-rc-3f8fcb5fb63b,TRAIN,hybrid,3,3,1,1,2,0,0.3333333333333333,1.0,0.5,0.0,True,hybrid_alpha_0.5,0.1471080000001166,0.005101199999444361
djangocms-rc-3f8fcb5fb63b,TRAIN,hybrid,5,5,1,1,4,0,0.2,1.0,0.33333333333333337,0.0,True,hybrid_alpha_0.5,0.1471080000001166,0.004787899999428191
djangocms-rc-3f8fcb5fb63b,TRAIN,hybrid,10,10,1,1,9,0,0.1,1.0,0.18181818181818182,0.0,True,hybrid_alpha_0.5,0.1471080000001166,0.004888100000243867
djangocms-rc-47b63015feb1,VALIDATION,random,1,1,2,0,1,2,0.0,0.0,0.0,1.0,False,,0.0,9.060000047611538e-05
djangocms-rc-47b63015feb1,VALIDATION,random,3,3,2,1,2,1,0.3333333333333333,0.5,0.4,0.5,False,,0.0,6.409999969037017e-05
djangocms-rc-47b63015feb1,VALIDATION,random,5,5,2,1,4,1,0.2,0.5,0.28571428571428575,0.5,False,,0.0,6.370000028255163e-05
djangocms-rc-47b63015feb1,VALIDATION,random,10,10,2,1,9,1,0.1,0.5,0.16666666666666669,0.5,False,,0.0,6.550000034621917e-05
djangocms-rc-47b63015feb1,VALIDATION,bm25,1,1,2,0,1,2,0.0,0.0,0.0,1.0,False,,0.13897059999999328,0.010169799999857787
djangocms-rc-47b63015feb1,VALIDATION,bm25,3,3,2,1,2,1,0.3333333333333333,0.5,0.4,0.5,False,,0.13897059999999328,0.009716800000205694
djangocms-rc-47b63015feb1,VALIDATION,bm25,5,5,2,1,4,1,0.2,0.5,0.28571428571428575,0.5,False,,0.13897059999999328,0.009550499999932072
djangocms-rc-47b63015feb1,VALIDATION,bm25,10,10,2,2,8,0,0.2,1.0,0.33333333333333337,0.0,True,,0.13897059999999328,0.010860499999580497
djangocms-rc-47b63015feb1,VALIDATION,path_token,1,1,2,0,1,2,0.0,0.0,0.0,1.0,False,,0.0,0.004406900000503811
djangocms-rc-47b63015feb1,VALIDATION,path_token,3,3,2,0,3,2,0.0,0.0,0.0,1.0,False,,0.0,0.004619000000275264
djangocms-rc-47b63015feb1,VALIDATION,path_token,5,5,2,1,4,1,0.2,0.5,0.28571428571428575,0.5,False,,0.0,0.004353500000433996
djangocms-rc-47b63015feb1,VALIDATION,path_token,10,10,2,1,9,1,0.1,0.5,0.16666666666666669,0.5,False,,0.0,0.00439619999997376
djangocms-rc-47b63015feb1,VALIDATION,graph,1,1,2,0,1,2,0.0,0.0,0.0,1.0,False,seeds_ok,0.0,0.009248700000171084
djangocms-rc-47b63015feb1,VALIDATION,graph,3,3,2,0,3,2,0.0,0.0,0.0,1.0,False,seeds_ok,0.0,0.009130799999184092
djangocms-rc-47b63015feb1,VALIDATION,graph,5,5,2,1,4,1,0.2,0.5,0.28571428571428575,0.5,False,seeds_ok,0.0,0.009547399999974004
djangocms-rc-47b63015feb1,VALIDATION,graph,10,10,2,1,9,1,0.1,0.5,0.16666666666666669,0.5,False,seeds_ok,0.0,0.009999799999604875
djangocms-rc-47b63015feb1,VALIDATION,hybrid,1,1,2,0,1,2,0.0,0.0,0.0,1.0,False,hybrid_alpha_0.5,0.13897059999999328,0.00493200000073557
djangocms-rc-47b63015feb1,VALIDATION,hybrid,3,3,2,1,2,1,0.3333333333333333,0.5,0.4,0.5,False,hybrid_alpha_0.5,0.13897059999999328,0.004593699999531964
djangocms-rc-47b63015feb1,VALIDATION,hybrid,5,5,2,1,4,1,0.2,0.5,0.28571428571428575,0.5,False,hybrid_alpha_0.5,0.13897059999999328,0.004642099999728089
djangocms-rc-47b63015feb1,VALIDATION,hybrid,10,10,2,2,8,0,0.2,1.0,0.33333333333333337,0.0,True,hybrid_alpha_0.5,0.13897059999999328,0.004958599999554281
djangocms-rc-497c3c67e813,TRAIN,random,1,1,1,0,1,1,0.0,0.0,0.0,1.0,False,,0.0,0.0001250000004802132
djangocms-rc-497c3c67e813,TRAIN,random,3,3,1,0,3,1,0.0,0.0,0.0,1.0,False,,0.0,6.709999979648273e-05
djangocms-rc-497c3c67e813,TRAIN,random,5,5,1,0,5,1,0.0,0.0,0.0,1.0,False,,0.0,6.740000026184134e-05
djangocms-rc-497c3c67e813,TRAIN,random,10,10,1,0,10,1,0.0,0.0,0.0,1.0,False,,0.0,7.890000051702373e-05
djangocms-rc-497c3c67e813,TRAIN,bm25,1,1,1,0,1,1,0.0,0.0,0.0,1.0,False,,0.13002769999911834,0.009594799999831594
djangocms-rc-497c3c67e813,TRAIN,bm25,3,3,1,0,3,1,0.0,0.0,0.0,1.0,False,,0.13002769999911834,0.009287700000641053
djangocms-rc-497c3c67e813,TRAIN,bm25,5,5,1,1,4,0,0.2,1.0,0.33333333333333337,0.0,True,,0.13002769999911834,0.009349099999781174
djangocms-rc-497c3c67e813,TRAIN,bm25,10,10,1,1,9,0,0.1,1.0,0.18181818181818182,0.0,True,,0.13002769999911834,0.008764199999859557
djangocms-rc-497c3c67e813,TRAIN,path_token,1,1,1,0,1,1,0.0,0.0,0.0,1.0,False,,0.0,0.004693300000326417
djangocms-rc-497c3c67e813,TRAIN,path_token,3,3,1,0,3,1,0.0,0.0,0.0,1.0,False,,0.0,0.004290900000341935
djangocms-rc-497c3c67e813,TRAIN,path_token,5,5,1,0,5,1,0.0,0.0,0.0,1.0,False,,0.0,0.004262499999640568
djangocms-rc-497c3c67e813,TRAIN,path_token,10,10,1,0,10,1,0.0,0.0,0.0,1.0,False,,0.0,0.005908099999942351
djangocms-rc-497c3c67e813,TRAIN,graph,1,1,1,0,1,1,0.0,0.0,0.0,1.0,False,seeds_ok,0.0,0.008991900000182795
djangocms-rc-497c3c67e813,TRAIN,graph,3,3,1,0,3,1,0.0,0.0,0.0,1.0,False,seeds_ok,0.0,0.009002499999951397
djangocms-rc-497c3c67e813,TRAIN,graph,5,5,1,0,5,1,0.0,0.0,0.0,1.0,False,seeds_ok,0.0,0.00924730000042473
djangocms-rc-497c3c67e813,TRAIN,graph,10,10,1,0,10,1,0.0,0.0,0.0,1.0,False,seeds_ok,0.0,0.008722700000362238
djangocms-rc-497c3c67e813,TRAIN,hybrid,1,1,1,0,1,1,0.0,0.0,0.0,1.0,False,hybrid_alpha_0.5,0.13002769999911834,0.005624999999781721
djangocms-rc-497c3c67e813,TRAIN,hybrid,3,3,1,0,3,1,0.0,0.0,0.0,1.0,False,hybrid_alpha_0.5,0.13002769999911834,0.004510599999775877
djangocms-rc-497c3c67e813,TRAIN,hybrid,5,5,1,1,4,0,0.2,1.0,0.33333333333333337,0.0,True,hybrid_alpha_0.5,0.13002769999911834,0.004601200000251993
djangocms-rc-497c3c67e813,TRAIN,hybrid,10,10,1,1,9,0,0.1,1.0,0.18181818181818182,0.0,True,hybrid_alpha_0.5,0.13002769999911834,0.005154999999831489
djangocms-rc-4b8089b8b686,TRAIN,random,1,1,3,0,1,3,0.0,0.0,0.0,1.0,False,,0.0,6.810000013501849e-05
djangocms-rc-4b8089b8b686,TRAIN,random,3,3,3,0,3,3,0.0,0.0,0.0,1.0,False,,0.0,6.519999988086056e-05
djangocms-rc-4b8089b8b686,TRAIN,random,5,5,3,0,5,3,0.0,0.0,0.0,1.0,False,,0.0,6.500000017695129e-05
djangocms-rc-4b8089b8b686,TRAIN,random,10,10,3,0,10,3,0.0,0.0,0.0,1.0,False,,0.0,7.469999945897143e-05
djangocms-rc-4b8089b8b686,TRAIN,bm25,1,1,3,0,1,3,0.0,0.0,0.0,1.0,False,,0.12084860000049957,0.007803199999216304
djangocms-rc-4b8089b8b686,TRAIN,bm25,3,3,3,2,1,1,0.6666666666666666,0.6666666666666666,0.6666666666666666,0.3333333333333333,False,,0.12084860000049957,0.007840600000236009
djangocms-rc-4b8089b8b686,TRAIN,bm25,5,5,3,2,3,1,0.4,0.6666666666666666,0.5,0.3333333333333333,False,,0.12084860000049957,0.007710200000474288
djangocms-rc-4b8089b8b686,TRAIN,bm25,10,10,3,3,7,0,0.3,1.0,0.4615384615384615,0.0,True,,0.12084860000049957,0.007885699999860663
djangocms-rc-4b8089b8b686,TRAIN,path_token,1,1,3,0,1,3,0.0,0.0,0.0,1.0,False,,0.0,0.004228599999805738
djangocms-rc-4b8089b8b686,TRAIN,path_token,3,3,3,0,3,3,0.0,0.0,0.0,1.0,False,,0.0,0.004178000000138127
djangocms-rc-4b8089b8b686,TRAIN,path_token,5,5,3,0,5,3,0.0,0.0,0.0,1.0,False,,0.0,0.004189100000075996
djangocms-rc-4b8089b8b686,TRAIN,path_token,10,10,3,0,10,3,0.0,0.0,0.0,1.0,False,,0.0,0.0040300000000570435
djangocms-rc-4b8089b8b686,TRAIN,graph,1,1,3,0,1,3,0.0,0.0,0.0,1.0,False,seeds_ok,0.0,0.008752200000344601
djangocms-rc-4b8089b8b686,TRAIN,graph,3,3,3,0,3,3,0.0,0.0,0.0,1.0,False,seeds_ok,0.0,0.00851059999968129
djangocms-rc-4b8089b8b686,TRAIN,graph,5,5,3,0,5,3,0.0,0.0,0.0,1.0,False,seeds_ok,0.0,0.010411999999632826
djangocms-rc-4b8089b8b686,TRAIN,graph,10,10,3,0,10,3,0.0,0.0,0.0,1.0,False,seeds_ok,0.0,0.008175800000572053
djangocms-rc-4b8089b8b686,TRAIN,hybrid,1,1,3,0,1,3,0.0,0.0,0.0,1.0,False,hybrid_alpha_0.5,0.12084860000049957,0.004449199999726261
djangocms-rc-4b8089b8b686,TRAIN,hybrid,3,3,3,1,2,2,0.3333333333333333,0.3333333333333333,0.3333333333333333,0.6666666666666666,False,hybrid_alpha_0.5,0.12084860000049957,0.004512800000156858
djangocms-rc-4b8089b8b686,TRAIN,hybrid,5,5,3,2,3,1,0.4,0.6666666666666666,0.5,0.3333333333333333,False,hybrid_alpha_0.5,0.12084860000049957,0.004394800000227406
djangocms-rc-4b8089b8b686,TRAIN,hybrid,10,10,3,2,8,1,0.2,0.6666666666666666,0.30769230769230765,0.3333333333333333,False,hybrid_alpha_0.5,0.12084860000049957,0.004312000000027183
djangocms-rc-5ff38b521274,TRAIN,random,1,1,2,0,1,2,0.0,0.0,0.0,1.0,False,,0.0,7.819999973435188e-05
djangocms-rc-5ff38b521274,TRAIN,random,3,3,2,0,3,2,0.0,0.0,0.0,1.0,False,,0.0,6.949999988137279e-05
djangocms-rc-5ff38b521274,TRAIN,random,5,5,2,0,5,2,0.0,0.0,0.0,1.0,False,,0.0,6.750000011379598e-05
djangocms-rc-5ff38b521274,TRAIN,random,10,10,2,0,10,2,0.0,0.0,0.0,1.0,False,,0.0,6.86999992467463e-05
djangocms-rc-5ff38b521274,TRAIN,bm25,1,1,2,1,0,1,1.0,0.5,0.6666666666666666,0.5,False,,0.13069819999964238,0.008597599999120575
djangocms-rc-5ff38b521274,TRAIN,bm25,3,3,2,1,2,1,0.3333333333333333,0.5,0.4,0.5,False,,0.13069819999964238,0.00867130000006
djangocms-rc-5ff38b521274,TRAIN,bm25,5,5,2,1,4,1,0.2,0.5,0.28571428571428575,0.5,False,,0.13069819999964238,0.010569899999609333
djangocms-rc-5ff38b521274,TRAIN,bm25,10,10,2,1,9,1,0.1,0.5,0.16666666666666669,0.5,False,,0.13069819999964238,0.00980509999953938
djangocms-rc-5ff38b521274,TRAIN,path_token,1,1,2,0,1,2,0.0,0.0,0.0,1.0,False,,0.0,0.0046200000006138
djangocms-rc-5ff38b521274,TRAIN,path_token,3,3,2,1,2,1,0.3333333333333333,0.5,0.4,0.5,False,,0.0,0.0042293999995308695
djangocms-rc-5ff38b521274,TRAIN,path_token,5,5,2,1,4,1,0.2,0.5,0.28571428571428575,0.5,False,,0.0,0.004303699999582022
djangocms-rc-5ff38b521274,TRAIN,path_token,10,10,2,1,9,1,0.1,0.5,0.16666666666666669,0.5,False,,0.0,0.004335300000093412
djangocms-rc-5ff38b521274,TRAIN,graph,1,1,2,0,1,2,0.0,0.0,0.0,1.0,False,seeds_ok,0.0,0.009680099999968661
djangocms-rc-5ff38b521274,TRAIN,graph,3,3,2,1,2,1,0.3333333333333333,0.5,0.4,0.5,False,seeds_ok,0.0,0.009291599999414757
djangocms-rc-5ff38b521274,TRAIN,graph,5,5,2,1,4,1,0.2,0.5,0.28571428571428575,0.5,False,seeds_ok,0.0,0.010810499999934109
djangocms-rc-5ff38b521274,TRAIN,graph,10,10,2,1,9,1,0.1,0.5,0.16666666666666669,0.5,False,seeds_ok,0.0,0.0088396000001012
djangocms-rc-5ff38b521274,TRAIN,hybrid,1,1,2,1,0,1,1.0,0.5,0.6666666666666666,0.5,False,hybrid_alpha_0.5,0.13069819999964238,0.005175999999664782
djangocms-rc-5ff38b521274,TRAIN,hybrid,3,3,2,1,2,1,0.3333333333333333,0.5,0.4,0.5,False,hybrid_alpha_0.5,0.13069819999964238,0.004539900000054331
djangocms-rc-5ff38b521274,TRAIN,hybrid,5,5,2,1,4,1,0.2,0.5,0.28571428571428575,0.5,False,hybrid_alpha_0.5,0.13069819999964238,0.005868100000043341
djangocms-rc-5ff38b521274,TRAIN,hybrid,10,10,2,1,9,1,0.1,0.5,0.16666666666666669,0.5,False,hybrid_alpha_0.5,0.13069819999964238,0.007554300000265357
djangocms-rc-807a87b1de71,TRAIN,random,1,1,7,0,1,7,0.0,0.0,0.0,1.0,False,,0.0,6.639999992330559e-05
djangocms-rc-807a87b1de71,TRAIN,random,3,3,7,0,3,7,0.0,0.0,0.0,1.0,False,,0.0,7.110000024113106e-05
djangocms-rc-807a87b1de71,TRAIN,random,5,5,7,0,5,7,0.0,0.0,0.0,1.0,False,,0.0,6.0599999414989725e-05
djangocms-rc-807a87b1de71,TRAIN,random,10,10,7,0,10,7,0.0,0.0,0.0,1.0,False,,0.0,6.67000003886642e-05
djangocms-rc-807a87b1de71,TRAIN,bm25,1,1,7,1,0,6,1.0,0.14285714285714285,0.25,0.8571428571428571,False,,0.13186049999967508,0.008985299999949348
djangocms-rc-807a87b1de71,TRAIN,bm25,3,3,7,2,1,5,0.6666666666666666,0.2857142857142857,0.4,0.7142857142857143,False,,0.13186049999967508,0.009216000000378699
djangocms-rc-807a87b1de71,TRAIN,bm25,5,5,7,3,2,4,0.6,0.42857142857142855,0.5,0.5714285714285714,False,,0.13186049999967508,0.009439000000384112
djangocms-rc-807a87b1de71,TRAIN,bm25,10,10,7,5,5,2,0.5,0.7142857142857143,0.588235294117647,0.2857142857142857,False,,0.13186049999967508,0.009125200000198674
djangocms-rc-807a87b1de71,TRAIN,path_token,1,1,7,1,0,6,1.0,0.14285714285714285,0.25,0.8571428571428571,False,,0.0,0.004470400000172958
djangocms-rc-807a87b1de71,TRAIN,path_token,3,3,7,3,0,4,1.0,0.42857142857142855,0.6,0.5714285714285714,False,,0.0,0.004264100000000326
djangocms-rc-807a87b1de71,TRAIN,path_token,5,5,7,3,2,4,0.6,0.42857142857142855,0.5,0.5714285714285714,False,,0.0,0.004725400000097579
djangocms-rc-807a87b1de71,TRAIN,path_token,10,10,7,5,5,2,0.5,0.7142857142857143,0.588235294117647,0.2857142857142857,False,,0.0,0.004406799999742361
djangocms-rc-807a87b1de71,TRAIN,graph,1,1,7,1,0,6,1.0,0.14285714285714285,0.25,0.8571428571428571,False,seeds_ok,0.0,0.010425100000247767
djangocms-rc-807a87b1de71,TRAIN,graph,3,3,7,3,0,4,1.0,0.42857142857142855,0.6,0.5714285714285714,False,seeds_ok,0.0,0.008813600000394217
djangocms-rc-807a87b1de71,TRAIN,graph,5,5,7,3,2,4,0.6,0.42857142857142855,0.5,0.5714285714285714,False,seeds_ok,0.0,0.008805499999652966
djangocms-rc-807a87b1de71,TRAIN,graph,10,10,7,5,5,2,0.5,0.7142857142857143,0.588235294117647,0.2857142857142857,False,seeds_ok,0.0,0.008650199999465258
djangocms-rc-807a87b1de71,TRAIN,hybrid,1,1,7,1,0,6,1.0,0.14285714285714285,0.25,0.8571428571428571,False,hybrid_alpha_0.5,0.13186049999967508,0.005223600000135775
djangocms-rc-807a87b1de71,TRAIN,hybrid,3,3,7,2,1,5,0.6666666666666666,0.2857142857142857,0.4,0.7142857142857143,False,hybrid_alpha_0.5,0.13186049999967508,0.004566100000374718
djangocms-rc-807a87b1de71,TRAIN,hybrid,5,5,7,3,2,4,0.6,0.42857142857142855,0.5,0.5714285714285714,False,hybrid_alpha_0.5,0.13186049999967508,0.005556799999794748
djangocms-rc-807a87b1de71,TRAIN,hybrid,10,10,7,5,5,2,0.5,0.7142857142857143,0.588235294117647,0.2857142857142857,False,hybrid_alpha_0.5,0.13186049999967508,0.004548999999315129
djangocms-rc-9e508ff1c41e,TRAIN,random,1,1,2,0,1,2,0.0,0.0,0.0,1.0,False,,0.0,8.330000036949059e-05
djangocms-rc-9e508ff1c41e,TRAIN,random,3,3,2,0,3,2,0.0,0.0,0.0,1.0,False,,0.0,6.510000002890592e-05
djangocms-rc-9e508ff1c41e,TRAIN,random,5,5,2,0,5,2,0.0,0.0,0.0,1.0,False,,0.0,6.360000043059699e-05
djangocms-rc-9e508ff1c41e,TRAIN,random,10,10,2,0,10,2,0.0,0.0,0.0,1.0,False,,0.0,6.750000011379598e-05
djangocms-rc-9e508ff1c41e,TRAIN,bm25,1,1,2,1,0,1,1.0,0.5,0.6666666666666666,0.5,False,,0.11528639999960433,0.008718999999473453
djangocms-rc-9e508ff1c41e,TRAIN,bm25,3,3,2,1,2,1,0.3333333333333333,0.5,0.4,0.5,False,,0.11528639999960433,0.008715300000403658
djangocms-rc-9e508ff1c41e,TRAIN,bm25,5,5,2,1,4,1,0.2,0.5,0.28571428571428575,0.5,False,,0.11528639999960433,0.009062900000571972
djangocms-rc-9e508ff1c41e,TRAIN,bm25,10,10,2,1,9,1,0.1,0.5,0.16666666666666669,0.5,False,,0.11528639999960433,0.008553600000595907
djangocms-rc-9e508ff1c41e,TRAIN,path_token,1,1,2,0,1,2,0.0,0.0,0.0,1.0,False,,0.0,0.004146700000092096
djangocms-rc-9e508ff1c41e,TRAIN,path_token,3,3,2,1,2,1,0.3333333333333333,0.5,0.4,0.5,False,,0.0,0.0040767000000414555
djangocms-rc-9e508ff1c41e,TRAIN,path_token,5,5,2,1,4,1,0.2,0.5,0.28571428571428575,0.5,False,,0.0,0.004361100000096485
djangocms-rc-9e508ff1c41e,TRAIN,path_token,10,10,2,1,9,1,0.1,0.5,0.16666666666666669,0.5,False,,0.0,0.00415659999998752
djangocms-rc-9e508ff1c41e,TRAIN,graph,1,1,2,0,1,2,0.0,0.0,0.0,1.0,False,seeds_ok,0.0,0.008377599999221275
djangocms-rc-9e508ff1c41e,TRAIN,graph,3,3,2,1,2,1,0.3333333333333333,0.5,0.4,0.5,False,seeds_ok,0.0,0.00853709999955754
djangocms-rc-9e508ff1c41e,TRAIN,graph,5,5,2,1,4,1,0.2,0.5,0.28571428571428575,0.5,False,seeds_ok,0.0,0.008662899999762885
djangocms-rc-9e508ff1c41e,TRAIN,graph,10,10,2,1,9,1,0.1,0.5,0.16666666666666669,0.5,False,seeds_ok,0.0,0.0084233999996286
djangocms-rc-9e508ff1c41e,TRAIN,hybrid,1,1,2,1,0,1,1.0,0.5,0.6666666666666666,0.5,False,hybrid_alpha_0.5,0.11528639999960433,0.004384399999253219
djangocms-rc-9e508ff1c41e,TRAIN,hybrid,3,3,2,1,2,1,0.3333333333333333,0.5,0.4,0.5,False,hybrid_alpha_0.5,0.11528639999960433,0.004341899999417365
djangocms-rc-9e508ff1c41e,TRAIN,hybrid,5,5,2,1,4,1,0.2,0.5,0.28571428571428575,0.5,False,hybrid_alpha_0.5,0.11528639999960433,0.004523499999777414
djangocms-rc-9e508ff1c41e,TRAIN,hybrid,10,10,2,1,9,1,0.1,0.5,0.16666666666666669,0.5,False,hybrid_alpha_0.5,0.11528639999960433,0.004329800000050454
djangocms-rc-a1ac04d3f817,TRAIN,random,1,1,2,0,1,2,0.0,0.0,0.0,1.0,False,,0.0,7.699999969190685e-05
djangocms-rc-a1ac04d3f817,TRAIN,random,3,3,2,0,3,2,0.0,0.0,0.0,1.0,False,,0.0,6.440000015572878e-05
djangocms-rc-a1ac04d3f817,TRAIN,random,5,5,2,0,5,2,0.0,0.0,0.0,1.0,False,,0.0,6.489999941550195e-05
djangocms-rc-a1ac04d3f817,TRAIN,random,10,10,2,0,10,2,0.0,0.0,0.0,1.0,False,,0.0,7.710000045335619e-05
djangocms-rc-a1ac04d3f817,TRAIN,bm25,1,1,2,0,1,2,0.0,0.0,0.0,1.0,False,,0.11943179999980202,0.007933699999739474
djangocms-rc-a1ac04d3f817,TRAIN,bm25,3,3,2,1,2,1,0.3333333333333333,0.5,0.4,0.5,False,,0.11943179999980202,0.007806499999787775
djangocms-rc-a1ac04d3f817,TRAIN,bm25,5,5,2,2,3,0,0.4,1.0,0.5714285714285715,0.0,True,,0.11943179999980202,0.007896600000094622
djangocms-rc-a1ac04d3f817,TRAIN,bm25,10,10,2,2,8,0,0.2,1.0,0.33333333333333337,0.0,True,,0.11943179999980202,0.008205899999666144
djangocms-rc-a1ac04d3f817,TRAIN,path_token,1,1,2,0,1,2,0.0,0.0,0.0,1.0,False,,0.0,0.004350600000179838
djangocms-rc-a1ac04d3f817,TRAIN,path_token,3,3,2,1,2,1,0.3333333333333333,0.5,0.4,0.5,False,,0.0,0.0044164000000819215
djangocms-rc-a1ac04d3f817,TRAIN,path_token,5,5,2,1,4,1,0.2,0.5,0.28571428571428575,0.5,False,,0.0,0.0041906000005837996
djangocms-rc-a1ac04d3f817,TRAIN,path_token,10,10,2,1,9,1,0.1,0.5,0.16666666666666669,0.5,False,,0.0,0.004292099999474885
djangocms-rc-a1ac04d3f817,TRAIN,graph,1,1,2,0,1,2,0.0,0.0,0.0,1.0,False,seeds_ok,0.0,0.008638999999675434
djangocms-rc-a1ac04d3f817,TRAIN,graph,3,3,2,1,2,1,0.3333333333333333,0.5,0.4,0.5,False,seeds_ok,0.0,0.0087124000001495
djangocms-rc-a1ac04d3f817,TRAIN,graph,5,5,2,1,4,1,0.2,0.5,0.28571428571428575,0.5,False,seeds_ok,0.0,0.00854420000086975
djangocms-rc-a1ac04d3f817,TRAIN,graph,10,10,2,1,9,1,0.1,0.5,0.16666666666666669,0.5,False,seeds_ok,0.0,0.008537599999726808
djangocms-rc-a1ac04d3f817,TRAIN,hybrid,1,1,2,0,1,2,0.0,0.0,0.0,1.0,False,hybrid_alpha_0.5,0.11943179999980202,0.004486200000428653
djangocms-rc-a1ac04d3f817,TRAIN,hybrid,3,3,2,1,2,1,0.3333333333333333,0.5,0.4,0.5,False,hybrid_alpha_0.5,0.11943179999980202,0.004423100000167324
djangocms-rc-a1ac04d3f817,TRAIN,hybrid,5,5,2,2,3,0,0.4,1.0,0.5714285714285715,0.0,True,hybrid_alpha_0.5,0.11943179999980202,0.004674199999499251
djangocms-rc-a1ac04d3f817,TRAIN,hybrid,10,10,2,2,8,0,0.2,1.0,0.33333333333333337,0.0,True,hybrid_alpha_0.5,0.11943179999980202,0.0043992000000798726
djangocms-rc-a7df58dc5ff3,TRAIN,random,1,1,1,0,1,1,0.0,0.0,0.0,1.0,False,,0.0,9.210000007442432e-05
djangocms-rc-a7df58dc5ff3,TRAIN,random,3,3,1,0,3,1,0.0,0.0,0.0,1.0,False,,0.0,6.810000013501849e-05
djangocms-rc-a7df58dc5ff3,TRAIN,random,5,5,1,0,5,1,0.0,0.0,0.0,1.0,False,,0.0,6.73000004098867e-05
djangocms-rc-a7df58dc5ff3,TRAIN,random,10,10,1,0,10,1,0.0,0.0,0.0,1.0,False,,0.0,6.740000026184134e-05
djangocms-rc-a7df58dc5ff3,TRAIN,bm25,1,1,1,1,0,0,1.0,1.0,1.0,0.0,True,,0.11340349999954924,0.008120299999973213
djangocms-rc-a7df58dc5ff3,TRAIN,bm25,3,3,1,1,2,0,0.3333333333333333,1.0,0.5,0.0,True,,0.11340349999954924,0.008281400000669237
djangocms-rc-a7df58dc5ff3,TRAIN,bm25,5,5,1,1,4,0,0.2,1.0,0.33333333333333337,0.0,True,,0.11340349999954924,0.009677099999862548
djangocms-rc-a7df58dc5ff3,TRAIN,bm25,10,10,1,1,9,0,0.1,1.0,0.18181818181818182,0.0,True,,0.11340349999954924,0.008264900000540365
djangocms-rc-a7df58dc5ff3,TRAIN,path_token,1,1,1,1,0,0,1.0,1.0,1.0,0.0,True,,0.0,0.004107700000531622
djangocms-rc-a7df58dc5ff3,TRAIN,path_token,3,3,1,1,2,0,0.3333333333333333,1.0,0.5,0.0,True,,0.0,0.004145599999901606
djangocms-rc-a7df58dc5ff3,TRAIN,path_token,5,5,1,1,4,0,0.2,1.0,0.33333333333333337,0.0,True,,0.0,0.004491499999858206
djangocms-rc-a7df58dc5ff3,TRAIN,path_token,10,10,1,1,9,0,0.1,1.0,0.18181818181818182,0.0,True,,0.0,0.004129400000238093
djangocms-rc-a7df58dc5ff3,TRAIN,graph,1,1,1,1,0,0,1.0,1.0,1.0,0.0,True,seeds_ok,0.0,0.008487999999488238
djangocms-rc-a7df58dc5ff3,TRAIN,graph,3,3,1,1,2,0,0.3333333333333333,1.0,0.5,0.0,True,seeds_ok,0.0,0.00843170000007376
djangocms-rc-a7df58dc5ff3,TRAIN,graph,5,5,1,1,4,0,0.2,1.0,0.33333333333333337,0.0,True,seeds_ok,0.0,0.009839800000008836
djangocms-rc-a7df58dc5ff3,TRAIN,graph,10,10,1,1,9,0,0.1,1.0,0.18181818181818182,0.0,True,seeds_ok,0.0,0.008604300000115472
djangocms-rc-a7df58dc5ff3,TRAIN,hybrid,1,1,1,1,0,0,1.0,1.0,1.0,0.0,True,hybrid_alpha_0.5,0.11340349999954924,0.005449100000078033
djangocms-rc-a7df58dc5ff3,TRAIN,hybrid,3,3,1,1,2,0,0.3333333333333333,1.0,0.5,0.0,True,hybrid_alpha_0.5,0.11340349999954924,0.004539000000477245
djangocms-rc-a7df58dc5ff3,TRAIN,hybrid,5,5,1,1,4,0,0.2,1.0,0.33333333333333337,0.0,True,hybrid_alpha_0.5,0.11340349999954924,0.004755500000101165
djangocms-rc-a7df58dc5ff3,TRAIN,hybrid,10,10,1,1,9,0,0.1,1.0,0.18181818181818182,0.0,True,hybrid_alpha_0.5,0.11340349999954924,0.0044687999998132
djangocms-rc-a9e2a8d3b7a6,VALIDATION,random,1,1,3,0,1,3,0.0,0.0,0.0,1.0,False,,0.0,9.200000022246968e-05
djangocms-rc-a9e2a8d3b7a6,VALIDATION,random,3,3,3,0,3,3,0.0,0.0,0.0,1.0,False,,0.0,7.359999926848104e-05
djangocms-rc-a9e2a8d3b7a6,VALIDATION,random,5,5,3,0,5,3,0.0,0.0,0.0,1.0,False,,0.0,7.019999975454994e-05
djangocms-rc-a9e2a8d3b7a6,VALIDATION,random,10,10,3,0,10,3,0.0,0.0,0.0,1.0,False,,0.0,7.000000005064066e-05
djangocms-rc-a9e2a8d3b7a6,VALIDATION,bm25,1,1,3,0,1,3,0.0,0.0,0.0,1.0,False,,0.11840759999995498,0.008403599999837752
djangocms-rc-a9e2a8d3b7a6,VALIDATION,bm25,3,3,3,0,3,3,0.0,0.0,0.0,1.0,False,,0.11840759999995498,0.00900290000026871
djangocms-rc-a9e2a8d3b7a6,VALIDATION,bm25,5,5,3,0,5,3,0.0,0.0,0.0,1.0,False,,0.11840759999995498,0.008103500000288477
djangocms-rc-a9e2a8d3b7a6,VALIDATION,bm25,10,10,3,1,9,2,0.1,0.3333333333333333,0.15384615384615383,0.6666666666666666,False,,0.11840759999995498,0.009678299999904993
djangocms-rc-a9e2a8d3b7a6,VALIDATION,path_token,1,1,3,0,1,3,0.0,0.0,0.0,1.0,False,,0.0,0.004026500000691158
djangocms-rc-a9e2a8d3b7a6,VALIDATION,path_token,3,3,3,1,2,2,0.3333333333333333,0.3333333333333333,0.3333333333333333,0.6666666666666666,False,,0.0,0.004082800000105635
djangocms-rc-a9e2a8d3b7a6,VALIDATION,path_token,5,5,3,1,4,2,0.2,0.3333333333333333,0.25,0.6666666666666666,False,,0.0,0.004054600000017672
djangocms-rc-a9e2a8d3b7a6,VALIDATION,path_token,10,10,3,1,9,2,0.1,0.3333333333333333,0.15384615384615383,0.6666666666666666,False,,0.0,0.004040599999825645
djangocms-rc-a9e2a8d3b7a6,VALIDATION,graph,1,1,3,0,1,3,0.0,0.0,0.0,1.0,False,seeds_ok,0.0,0.00844630000028701
djangocms-rc-a9e2a8d3b7a6,VALIDATION,graph,3,3,3,1,2,2,0.3333333333333333,0.3333333333333333,0.3333333333333333,0.6666666666666666,False,seeds_ok,0.0,0.00831819999984873
djangocms-rc-a9e2a8d3b7a6,VALIDATION,graph,5,5,3,1,4,2,0.2,0.3333333333333333,0.25,0.6666666666666666,False,seeds_ok,0.0,0.008480800000143063
djangocms-rc-a9e2a8d3b7a6,VALIDATION,graph,10,10,3,1,9,2,0.1,0.3333333333333333,0.15384615384615383,0.6666666666666666,False,seeds_ok,0.0,0.00838709999970888
djangocms-rc-a9e2a8d3b7a6,VALIDATION,hybrid,1,1,3,0,1,3,0.0,0.0,0.0,1.0,False,hybrid_alpha_0.5,0.11840759999995498,0.004429099999470054
djangocms-rc-a9e2a8d3b7a6,VALIDATION,hybrid,3,3,3,0,3,3,0.0,0.0,0.0,1.0,False,hybrid_alpha_0.5,0.11840759999995498,0.005254300000160583
djangocms-rc-a9e2a8d3b7a6,VALIDATION,hybrid,5,5,3,0,5,3,0.0,0.0,0.0,1.0,False,hybrid_alpha_0.5,0.11840759999995498,0.004387400000268826
djangocms-rc-a9e2a8d3b7a6,VALIDATION,hybrid,10,10,3,1,9,2,0.1,0.3333333333333333,0.15384615384615383,0.6666666666666666,False,hybrid_alpha_0.5,0.11840759999995498,0.004436799999893992
djangocms-rc-ac74c212719f,TRAIN,random,1,1,2,0,1,2,0.0,0.0,0.0,1.0,False,,0.0,7.840000034775585e-05
djangocms-rc-ac74c212719f,TRAIN,random,3,3,2,0,3,2,0.0,0.0,0.0,1.0,False,,0.0,6.140000004961621e-05
djangocms-rc-ac74c212719f,TRAIN,random,5,5,2,0,5,2,0.0,0.0,0.0,1.0,False,,0.0,6.2199999774748e-05
djangocms-rc-ac74c212719f,TRAIN,random,10,10,2,0,10,2,0.0,0.0,0.0,1.0,False,,0.0,6.810000013501849e-05
djangocms-rc-ac74c212719f,TRAIN,bm25,1,1,2,0,1,2,0.0,0.0,0.0,1.0,False,,0.12578969999958645,0.009113600000091537
djangocms-rc-ac74c212719f,TRAIN,bm25,3,3,2,0,3,2,0.0,0.0,0.0,1.0,False,,0.12578969999958645,0.0088370000003124
djangocms-rc-ac74c212719f,TRAIN,bm25,5,5,2,1,4,1,0.2,0.5,0.28571428571428575,0.5,False,,0.12578969999958645,0.008714200000213168
djangocms-rc-ac74c212719f,TRAIN,bm25,10,10,2,2,8,0,0.2,1.0,0.33333333333333337,0.0,True,,0.12578969999958645,0.008931299999858311
djangocms-rc-ac74c212719f,TRAIN,path_token,1,1,2,0,1,2,0.0,0.0,0.0,1.0,False,,0.0,0.004293300000426825
djangocms-rc-ac74c212719f,TRAIN,path_token,3,3,2,0,3,2,0.0,0.0,0.0,1.0,False,,0.0,0.0042424000002938556
djangocms-rc-ac74c212719f,TRAIN,path_token,5,5,2,1,4,1,0.2,0.5,0.28571428571428575,0.5,False,,0.0,0.004195900000013353
djangocms-rc-ac74c212719f,TRAIN,path_token,10,10,2,1,9,1,0.1,0.5,0.16666666666666669,0.5,False,,0.0,0.004251700000168057
djangocms-rc-ac74c212719f,TRAIN,graph,1,1,2,0,1,2,0.0,0.0,0.0,1.0,False,seeds_ok,0.0,0.008706999999958498
djangocms-rc-ac74c212719f,TRAIN,graph,3,3,2,0,3,2,0.0,0.0,0.0,1.0,False,seeds_ok,0.0,0.00867610000022978
djangocms-rc-ac74c212719f,TRAIN,graph,5,5,2,1,4,1,0.2,0.5,0.28571428571428575,0.5,False,seeds_ok,0.0,0.008663700000397512
djangocms-rc-ac74c212719f,TRAIN,graph,10,10,2,1,9,1,0.1,0.5,0.16666666666666669,0.5,False,seeds_ok,0.0,0.008640099999865924
djangocms-rc-ac74c212719f,TRAIN,hybrid,1,1,2,0,1,2,0.0,0.0,0.0,1.0,False,hybrid_alpha_0.5,0.12578969999958645,0.004467700000532204
djangocms-rc-ac74c212719f,TRAIN,hybrid,3,3,2,0,3,2,0.0,0.0,0.0,1.0,False,hybrid_alpha_0.5,0.12578969999958645,0.004478200000448851
djangocms-rc-ac74c212719f,TRAIN,hybrid,5,5,2,2,3,0,0.4,1.0,0.5714285714285715,0.0,True,hybrid_alpha_0.5,0.12578969999958645,0.004476500000237138
djangocms-rc-ac74c212719f,TRAIN,hybrid,10,10,2,2,8,0,0.2,1.0,0.33333333333333337,0.0,True,hybrid_alpha_0.5,0.12578969999958645,0.004467599999770755
djangocms-rc-ada585d3f358,TRAIN,random,1,1,1,0,1,1,0.0,0.0,0.0,1.0,False,,0.0,7.970000024215551e-05
djangocms-rc-ada585d3f358,TRAIN,random,3,3,1,0,3,1,0.0,0.0,0.0,1.0,False,,0.0,6.759999996575061e-05
djangocms-rc-ada585d3f358,TRAIN,random,5,5,1,0,5,1,0.0,0.0,0.0,1.0,False,,0.0,6.409999969037017e-05
djangocms-rc-ada585d3f358,TRAIN,random,10,10,1,0,10,1,0.0,0.0,0.0,1.0,False,,0.0,9.500000032858225e-05
djangocms-rc-ada585d3f358,TRAIN,bm25,1,1,1,1,0,0,1.0,1.0,1.0,0.0,True,,0.1385143000006792,0.010074499999973341
djangocms-rc-ada585d3f358,TRAIN,bm25,3,3,1,1,2,0,0.3333333333333333,1.0,0.5,0.0,True,,0.1385143000006792,0.009930299999723502
djangocms-rc-ada585d3f358,TRAIN,bm25,5,5,1,1,4,0,0.2,1.0,0.33333333333333337,0.0,True,,0.1385143000006792,0.009772399999746995
djangocms-rc-ada585d3f358,TRAIN,bm25,10,10,1,1,9,0,0.1,1.0,0.18181818181818182,0.0,True,,0.1385143000006792,0.014202100000147766
djangocms-rc-ada585d3f358,TRAIN,path_token,1,1,1,0,1,1,0.0,0.0,0.0,1.0,False,,0.0,0.004504000000451924
djangocms-rc-ada585d3f358,TRAIN,path_token,3,3,1,0,3,1,0.0,0.0,0.0,1.0,False,,0.0,0.004512600000452949
djangocms-rc-ada585d3f358,TRAIN,path_token,5,5,1,0,5,1,0.0,0.0,0.0,1.0,False,,0.0,0.0045252999998410814
djangocms-rc-ada585d3f358,TRAIN,path_token,10,10,1,0,10,1,0.0,0.0,0.0,1.0,False,,0.0,0.004715399999440706
djangocms-rc-ada585d3f358,TRAIN,graph,1,1,1,0,1,1,0.0,0.0,0.0,1.0,False,seeds_ok,0.0,0.009811699999772827
djangocms-rc-ada585d3f358,TRAIN,graph,3,3,1,0,3,1,0.0,0.0,0.0,1.0,False,seeds_ok,0.0,0.009297600000536477
djangocms-rc-ada585d3f358,TRAIN,graph,5,5,1,0,5,1,0.0,0.0,0.0,1.0,False,seeds_ok,0.0,0.009313200000178767
djangocms-rc-ada585d3f358,TRAIN,graph,10,10,1,0,10,1,0.0,0.0,0.0,1.0,False,seeds_ok,0.0,0.009313700000348035
djangocms-rc-ada585d3f358,TRAIN,hybrid,1,1,1,1,0,0,1.0,1.0,1.0,0.0,True,hybrid_alpha_0.5,0.1385143000006792,0.004848600000514125
djangocms-rc-ada585d3f358,TRAIN,hybrid,3,3,1,1,2,0,0.3333333333333333,1.0,0.5,0.0,True,hybrid_alpha_0.5,0.1385143000006792,0.004906600000140315
djangocms-rc-ada585d3f358,TRAIN,hybrid,5,5,1,1,4,0,0.2,1.0,0.33333333333333337,0.0,True,hybrid_alpha_0.5,0.1385143000006792,0.005251300000054471
djangocms-rc-ada585d3f358,TRAIN,hybrid,10,10,1,1,9,0,0.1,1.0,0.18181818181818182,0.0,True,hybrid_alpha_0.5,0.1385143000006792,0.005335500000001048
djangocms-rc-c02308fc5261,TRAIN,random,1,1,3,0,1,3,0.0,0.0,0.0,1.0,False,,0.0,0.00014840000039839651
djangocms-rc-c02308fc5261,TRAIN,random,3,3,3,0,3,3,0.0,0.0,0.0,1.0,False,,0.0,9.899999986373587e-05
djangocms-rc-c02308fc5261,TRAIN,random,5,5,3,0,5,3,0.0,0.0,0.0,1.0,False,,0.0,7.160000041039893e-05
djangocms-rc-c02308fc5261,TRAIN,random,10,10,3,0,10,3,0.0,0.0,0.0,1.0,False,,0.0,6.440000015572878e-05
djangocms-rc-c02308fc5261,TRAIN,bm25,1,1,3,1,0,2,1.0,0.3333333333333333,0.5,0.6666666666666666,False,,0.12281509999957052,0.008831899999677262
djangocms-rc-c02308fc5261,TRAIN,bm25,3,3,3,2,1,1,0.6666666666666666,0.6666666666666666,0.6666666666666666,0.3333333333333333,False,,0.12281509999957052,0.008777899999586225
djangocms-rc-c02308fc5261,TRAIN,bm25,5,5,3,2,3,1,0.4,0.6666666666666666,0.5,0.3333333333333333,False,,0.12281509999957052,0.008376400000088324
djangocms-rc-c02308fc5261,TRAIN,bm25,10,10,3,3,7,0,0.3,1.0,0.4615384615384615,0.0,True,,0.12281509999957052,0.00866550000046118
djangocms-rc-c02308fc5261,TRAIN,path_token,1,1,3,1,0,2,1.0,0.3333333333333333,0.5,0.6666666666666666,False,,0.0,0.004142499999943539
djangocms-rc-c02308fc5261,TRAIN,path_token,3,3,3,2,1,1,0.6666666666666666,0.6666666666666666,0.6666666666666666,0.3333333333333333,False,,0.0,0.005058599999756552
djangocms-rc-c02308fc5261,TRAIN,path_token,5,5,3,2,3,1,0.4,0.6666666666666666,0.5,0.3333333333333333,False,,0.0,0.004165500000453903
djangocms-rc-c02308fc5261,TRAIN,path_token,10,10,3,2,8,1,0.2,0.6666666666666666,0.30769230769230765,0.3333333333333333,False,,0.0,0.004198100000394334
djangocms-rc-c02308fc5261,TRAIN,graph,1,1,3,1,0,2,1.0,0.3333333333333333,0.5,0.6666666666666666,False,seeds_ok,0.0,0.013606599999548052
djangocms-rc-c02308fc5261,TRAIN,graph,3,3,3,2,1,1,0.6666666666666666,0.6666666666666666,0.6666666666666666,0.3333333333333333,False,seeds_ok,0.0,0.008653200000480865
djangocms-rc-c02308fc5261,TRAIN,graph,5,5,3,2,3,1,0.4,0.6666666666666666,0.5,0.3333333333333333,False,seeds_ok,0.0,0.008549500000299304
djangocms-rc-c02308fc5261,TRAIN,graph,10,10,3,2,8,1,0.2,0.6666666666666666,0.30769230769230765,0.3333333333333333,False,seeds_ok,0.0,0.008602200000495941
djangocms-rc-c02308fc5261,TRAIN,hybrid,1,1,3,1,0,2,1.0,0.3333333333333333,0.5,0.6666666666666666,False,hybrid_alpha_0.5,0.12281509999957052,0.007632599999851664
djangocms-rc-c02308fc5261,TRAIN,hybrid,3,3,3,2,1,1,0.6666666666666666,0.6666666666666666,0.6666666666666666,0.3333333333333333,False,hybrid_alpha_0.5,0.12281509999957052,0.004511399999501009
djangocms-rc-c02308fc5261,TRAIN,hybrid,5,5,3,2,3,1,0.4,0.6666666666666666,0.5,0.3333333333333333,False,hybrid_alpha_0.5,0.12281509999957052,0.004441699999915727
djangocms-rc-c02308fc5261,TRAIN,hybrid,10,10,3,3,7,0,0.3,1.0,0.4615384615384615,0.0,True,hybrid_alpha_0.5,0.12281509999957052,0.004487400000471098
djangocms-rc-ca16415b1022,TRAIN,random,1,1,2,0,1,2,0.0,0.0,0.0,1.0,False,,0.0,7.809999988239724e-05
djangocms-rc-ca16415b1022,TRAIN,random,3,3,2,0,3,2,0.0,0.0,0.0,1.0,False,,0.0,7.14999996489496e-05
djangocms-rc-ca16415b1022,TRAIN,random,5,5,2,0,5,2,0.0,0.0,0.0,1.0,False,,0.0,6.500000017695129e-05
djangocms-rc-ca16415b1022,TRAIN,random,10,10,2,1,9,1,0.1,0.5,0.16666666666666669,0.5,False,,0.0,6.549999943672447e-05
djangocms-rc-ca16415b1022,TRAIN,bm25,1,1,2,0,1,2,0.0,0.0,0.0,1.0,False,,0.11403160000008938,0.008231899999373127
djangocms-rc-ca16415b1022,TRAIN,bm25,3,3,2,1,2,1,0.3333333333333333,0.5,0.4,0.5,False,,0.11403160000008938,0.008332199999131262
djangocms-rc-ca16415b1022,TRAIN,bm25,5,5,2,1,4,1,0.2,0.5,0.28571428571428575,0.5,False,,0.11403160000008938,0.008488300000863092
djangocms-rc-ca16415b1022,TRAIN,bm25,10,10,2,2,8,0,0.2,1.0,0.33333333333333337,0.0,True,,0.11403160000008938,0.008203600000342703
djangocms-rc-ca16415b1022,TRAIN,path_token,1,1,2,0,1,2,0.0,0.0,0.0,1.0,False,,0.0,0.004865100000642997
djangocms-rc-ca16415b1022,TRAIN,path_token,3,3,2,0,3,2,0.0,0.0,0.0,1.0,False,,0.0,0.004156300000431656
djangocms-rc-ca16415b1022,TRAIN,path_token,5,5,2,0,5,2,0.0,0.0,0.0,1.0,False,,0.0,0.004143799999837938
djangocms-rc-ca16415b1022,TRAIN,path_token,10,10,2,2,8,0,0.2,1.0,0.33333333333333337,0.0,True,,0.0,0.004858100000092236
djangocms-rc-ca16415b1022,TRAIN,graph,1,1,2,0,1,2,0.0,0.0,0.0,1.0,False,seeds_ok,0.0,0.008603400000538386
djangocms-rc-ca16415b1022,TRAIN,graph,3,3,2,0,3,2,0.0,0.0,0.0,1.0,False,seeds_ok,0.0,0.008463999999548832
djangocms-rc-ca16415b1022,TRAIN,graph,5,5,2,0,5,2,0.0,0.0,0.0,1.0,False,seeds_ok,0.0,0.008459100000436592
djangocms-rc-ca16415b1022,TRAIN,graph,10,10,2,2,8,0,0.2,1.0,0.33333333333333337,0.0,True,seeds_ok,0.0,0.008568200000809156
djangocms-rc-ca16415b1022,TRAIN,hybrid,1,1,2,0,1,2,0.0,0.0,0.0,1.0,False,hybrid_alpha_0.5,0.11403160000008938,0.004508900000473659
djangocms-rc-ca16415b1022,TRAIN,hybrid,3,3,2,1,2,1,0.3333333333333333,0.5,0.4,0.5,False,hybrid_alpha_0.5,0.11403160000008938,0.004367200000160665
djangocms-rc-ca16415b1022,TRAIN,hybrid,5,5,2,2,3,0,0.4,1.0,0.5714285714285715,0.0,True,hybrid_alpha_0.5,0.11403160000008938,0.00438159999976051
djangocms-rc-ca16415b1022,TRAIN,hybrid,10,10,2,2,8,0,0.2,1.0,0.33333333333333337,0.0,True,hybrid_alpha_0.5,0.11403160000008938,0.004484799999772804
djangocms-rc-d88932559b00,TRAIN,random,1,1,2,0,1,2,0.0,0.0,0.0,1.0,False,,0.0,8.139999954437371e-05
djangocms-rc-d88932559b00,TRAIN,random,3,3,2,0,3,2,0.0,0.0,0.0,1.0,False,,0.0,6.429999939427944e-05
djangocms-rc-d88932559b00,TRAIN,random,5,5,2,0,5,2,0.0,0.0,0.0,1.0,False,,0.0,6.200000007083872e-05
djangocms-rc-d88932559b00,TRAIN,random,10,10,2,0,10,2,0.0,0.0,0.0,1.0,False,,0.0,6.959999973332742e-05
djangocms-rc-d88932559b00,TRAIN,bm25,1,1,2,0,1,2,0.0,0.0,0.0,1.0,False,,0.11638659999971424,0.008331299999554176
djangocms-rc-d88932559b00,TRAIN,bm25,3,3,2,0,3,2,0.0,0.0,0.0,1.0,False,,0.11638659999971424,0.00819379999938974
djangocms-rc-d88932559b00,TRAIN,bm25,5,5,2,0,5,2,0.0,0.0,0.0,1.0,False,,0.11638659999971424,0.008302799999910349
djangocms-rc-d88932559b00,TRAIN,bm25,10,10,2,0,10,2,0.0,0.0,0.0,1.0,False,,0.11638659999971424,0.008183500000086497
djangocms-rc-d88932559b00,TRAIN,path_token,1,1,2,0,1,2,0.0,0.0,0.0,1.0,False,,0.0,0.004236200000377721
djangocms-rc-d88932559b00,TRAIN,path_token,3,3,2,0,3,2,0.0,0.0,0.0,1.0,False,,0.0,0.004176500000539818
djangocms-rc-d88932559b00,TRAIN,path_token,5,5,2,0,5,2,0.0,0.0,0.0,1.0,False,,0.0,0.004386999999951513
djangocms-rc-d88932559b00,TRAIN,path_token,10,10,2,1,9,1,0.1,0.5,0.16666666666666669,0.5,False,,0.0,0.004223599999932048
djangocms-rc-d88932559b00,TRAIN,graph,1,1,2,0,1,2,0.0,0.0,0.0,1.0,False,seeds_ok,0.0,0.009463899999900605
djangocms-rc-d88932559b00,TRAIN,graph,3,3,2,0,3,2,0.0,0.0,0.0,1.0,False,seeds_ok,0.0,0.008565600000110862
djangocms-rc-d88932559b00,TRAIN,graph,5,5,2,0,5,2,0.0,0.0,0.0,1.0,False,seeds_ok,0.0,0.010925999999926717
djangocms-rc-d88932559b00,TRAIN,graph,10,10,2,0,10,2,0.0,0.0,0.0,1.0,False,seeds_ok,0.0,0.00917699999990873
djangocms-rc-d88932559b00,TRAIN,hybrid,1,1,2,0,1,2,0.0,0.0,0.0,1.0,False,hybrid_alpha_0.5,0.11638659999971424,0.00446399999964342
djangocms-rc-d88932559b00,TRAIN,hybrid,3,3,2,0,3,2,0.0,0.0,0.0,1.0,False,hybrid_alpha_0.5,0.11638659999971424,0.0043893000001844484
djangocms-rc-d88932559b00,TRAIN,hybrid,5,5,2,0,5,2,0.0,0.0,0.0,1.0,False,hybrid_alpha_0.5,0.11638659999971424,0.004395799999656447
djangocms-rc-d88932559b00,TRAIN,hybrid,10,10,2,0,10,2,0.0,0.0,0.0,1.0,False,hybrid_alpha_0.5,0.11638659999971424,0.004432699999597389
djangocms-rc-e3a23a7fc757,VALIDATION,random,1,1,3,0,1,3,0.0,0.0,0.0,1.0,False,,0.0,8.309999975608662e-05
djangocms-rc-e3a23a7fc757,VALIDATION,random,3,3,3,0,3,3,0.0,0.0,0.0,1.0,False,,0.0,5.740000051446259e-05
djangocms-rc-e3a23a7fc757,VALIDATION,random,5,5,3,0,5,3,0.0,0.0,0.0,1.0,False,,0.0,6.290000055741984e-05
djangocms-rc-e3a23a7fc757,VALIDATION,random,10,10,3,0,10,3,0.0,0.0,0.0,1.0,False,,0.0,5.680000049324008e-05
djangocms-rc-e3a23a7fc757,VALIDATION,bm25,1,1,3,0,1,3,0.0,0.0,0.0,1.0,False,,0.11239440000008472,0.008022299999538518
djangocms-rc-e3a23a7fc757,VALIDATION,bm25,3,3,3,0,3,3,0.0,0.0,0.0,1.0,False,,0.11239440000008472,0.007852900000216323
djangocms-rc-e3a23a7fc757,VALIDATION,bm25,5,5,3,1,4,2,0.2,0.3333333333333333,0.25,0.6666666666666666,False,,0.11239440000008472,0.007921100000203296
djangocms-rc-e3a23a7fc757,VALIDATION,bm25,10,10,3,3,7,0,0.3,1.0,0.4615384615384615,0.0,True,,0.11239440000008472,0.01047130000006291
djangocms-rc-e3a23a7fc757,VALIDATION,path_token,1,1,3,0,1,3,0.0,0.0,0.0,1.0,False,,0.0,0.004043200000523939
djangocms-rc-e3a23a7fc757,VALIDATION,path_token,3,3,3,0,3,3,0.0,0.0,0.0,1.0,False,,0.0,0.005834999999933643
djangocms-rc-e3a23a7fc757,VALIDATION,path_token,5,5,3,0,5,3,0.0,0.0,0.0,1.0,False,,0.0,0.0040309999994860846
djangocms-rc-e3a23a7fc757,VALIDATION,path_token,10,10,3,1,9,2,0.1,0.3333333333333333,0.15384615384615383,0.6666666666666666,False,,0.0,0.004714900000180933
djangocms-rc-e3a23a7fc757,VALIDATION,graph,1,1,3,0,1,3,0.0,0.0,0.0,1.0,False,seeds_ok,0.0,0.008335600000464183
djangocms-rc-e3a23a7fc757,VALIDATION,graph,3,3,3,0,3,3,0.0,0.0,0.0,1.0,False,seeds_ok,0.0,0.008986300000287883
djangocms-rc-e3a23a7fc757,VALIDATION,graph,5,5,3,0,5,3,0.0,0.0,0.0,1.0,False,seeds_ok,0.0,0.008274100000562612
djangocms-rc-e3a23a7fc757,VALIDATION,graph,10,10,3,1,9,2,0.1,0.3333333333333333,0.15384615384615383,0.6666666666666666,False,seeds_ok,0.0,0.008695100000295497
djangocms-rc-e3a23a7fc757,VALIDATION,hybrid,1,1,3,0,1,3,0.0,0.0,0.0,1.0,False,hybrid_alpha_0.5,0.11239440000008472,0.004263900000296417
djangocms-rc-e3a23a7fc757,VALIDATION,hybrid,3,3,3,0,3,3,0.0,0.0,0.0,1.0,False,hybrid_alpha_0.5,0.11239440000008472,0.004319300000133808
djangocms-rc-e3a23a7fc757,VALIDATION,hybrid,5,5,3,0,5,3,0.0,0.0,0.0,1.0,False,hybrid_alpha_0.5,0.11239440000008472,0.004277900000488444
djangocms-rc-e3a23a7fc757,VALIDATION,hybrid,10,10,3,1,9,2,0.1,0.3333333333333333,0.15384615384615383,0.6666666666666666,False,hybrid_alpha_0.5,0.11239440000008472,0.004357400000117195
djangocms-rc-e429b4584a16,TRAIN,random,1,1,2,0,1,2,0.0,0.0,0.0,1.0,False,,0.0,7.31999998606625e-05
djangocms-rc-e429b4584a16,TRAIN,random,3,3,2,0,3,2,0.0,0.0,0.0,1.0,False,,0.0,6.190000021888409e-05
djangocms-rc-e429b4584a16,TRAIN,random,5,5,2,0,5,2,0.0,0.0,0.0,1.0,False,,0.0,9.790000058274018e-05
djangocms-rc-e429b4584a16,TRAIN,random,10,10,2,0,10,2,0.0,0.0,0.0,1.0,False,,0.0,6.940000002941815e-05
djangocms-rc-e429b4584a16,TRAIN,bm25,1,1,2,0,1,2,0.0,0.0,0.0,1.0,False,,0.10997120000047289,0.008859300000040093
djangocms-rc-e429b4584a16,TRAIN,bm25,3,3,2,0,3,2,0.0,0.0,0.0,1.0,False,,0.10997120000047289,0.008746900000005553
djangocms-rc-e429b4584a16,TRAIN,bm25,5,5,2,0,5,2,0.0,0.0,0.0,1.0,False,,0.10997120000047289,0.009646700000303099
djangocms-rc-e429b4584a16,TRAIN,bm25,10,10,2,0,10,2,0.0,0.0,0.0,1.0,False,,0.10997120000047289,0.00895109999964916
djangocms-rc-e429b4584a16,TRAIN,path_token,1,1,2,0,1,2,0.0,0.0,0.0,1.0,False,,0.0,0.004135500000302272
djangocms-rc-e429b4584a16,TRAIN,path_token,3,3,2,0,3,2,0.0,0.0,0.0,1.0,False,,0.0,0.004547999999886088
djangocms-rc-e429b4584a16,TRAIN,path_token,5,5,2,0,5,2,0.0,0.0,0.0,1.0,False,,0.0,0.004052600000250095
djangocms-rc-e429b4584a16,TRAIN,path_token,10,10,2,1,9,1,0.1,0.5,0.16666666666666669,0.5,False,,0.0,0.00427399999989575
djangocms-rc-e429b4584a16,TRAIN,graph,1,1,2,0,1,2,0.0,0.0,0.0,1.0,False,seeds_ok,0.0,0.008565899999666726
djangocms-rc-e429b4584a16,TRAIN,graph,3,3,2,0,3,2,0.0,0.0,0.0,1.0,False,seeds_ok,0.0,0.014540599999236292
djangocms-rc-e429b4584a16,TRAIN,graph,5,5,2,0,5,2,0.0,0.0,0.0,1.0,False,seeds_ok,0.0,0.008371400000214635
djangocms-rc-e429b4584a16,TRAIN,graph,10,10,2,1,9,1,0.1,0.5,0.16666666666666669,0.5,False,seeds_ok,0.0,0.00846590000037395
djangocms-rc-e429b4584a16,TRAIN,hybrid,1,1,2,0,1,2,0.0,0.0,0.0,1.0,False,hybrid_alpha_0.5,0.10997120000047289,0.004423099999257829
djangocms-rc-e429b4584a16,TRAIN,hybrid,3,3,2,0,3,2,0.0,0.0,0.0,1.0,False,hybrid_alpha_0.5,0.10997120000047289,0.007488799999919138
djangocms-rc-e429b4584a16,TRAIN,hybrid,5,5,2,0,5,2,0.0,0.0,0.0,1.0,False,hybrid_alpha_0.5,0.10997120000047289,0.005263600000034785
djangocms-rc-e429b4584a16,TRAIN,hybrid,10,10,2,1,9,1,0.1,0.5,0.16666666666666669,0.5,False,hybrid_alpha_0.5,0.10997120000047289,0.004421099999490252
djangocms-rc-e88032bf704c,TRAIN,random,1,1,2,0,1,2,0.0,0.0,0.0,1.0,False,,0.0,0.00014100000043981709
djangocms-rc-e88032bf704c,TRAIN,random,3,3,2,0,3,2,0.0,0.0,0.0,1.0,False,,0.0,0.00011889999950653873
djangocms-rc-e88032bf704c,TRAIN,random,5,5,2,0,5,2,0.0,0.0,0.0,1.0,False,,0.0,6.759999996575061e-05
djangocms-rc-e88032bf704c,TRAIN,random,10,10,2,0,10,2,0.0,0.0,0.0,1.0,False,,0.0,6.930000017746352e-05
djangocms-rc-e88032bf704c,TRAIN,bm25,1,1,2,0,1,2,0.0,0.0,0.0,1.0,False,,0.12995409999984986,0.013780500000393658
djangocms-rc-e88032bf704c,TRAIN,bm25,3,3,2,0,3,2,0.0,0.0,0.0,1.0,False,,0.12995409999984986,0.010472899999513174
djangocms-rc-e88032bf704c,TRAIN,bm25,5,5,2,0,5,2,0.0,0.0,0.0,1.0,False,,0.12995409999984986,0.01019429999996646
djangocms-rc-e88032bf704c,TRAIN,bm25,10,10,2,0,10,2,0.0,0.0,0.0,1.0,False,,0.12995409999984986,0.010298499999407795
djangocms-rc-e88032bf704c,TRAIN,path_token,1,1,2,0,1,2,0.0,0.0,0.0,1.0,False,,0.0,0.004769399999531743
djangocms-rc-e88032bf704c,TRAIN,path_token,3,3,2,0,3,2,0.0,0.0,0.0,1.0,False,,0.0,0.004559799999697134
djangocms-rc-e88032bf704c,TRAIN,path_token,5,5,2,0,5,2,0.0,0.0,0.0,1.0,False,,0.0,0.004371500000161177
djangocms-rc-e88032bf704c,TRAIN,path_token,10,10,2,0,10,2,0.0,0.0,0.0,1.0,False,,0.0,0.004369100000076287
djangocms-rc-e88032bf704c,TRAIN,graph,1,1,2,0,1,2,0.0,0.0,0.0,1.0,False,seeds_ok,0.0,0.009038700000019162
djangocms-rc-e88032bf704c,TRAIN,graph,3,3,2,0,3,2,0.0,0.0,0.0,1.0,False,seeds_ok,0.0,0.009204800000588875
djangocms-rc-e88032bf704c,TRAIN,graph,5,5,2,0,5,2,0.0,0.0,0.0,1.0,False,seeds_ok,0.0,0.010157400000025518
djangocms-rc-e88032bf704c,TRAIN,graph,10,10,2,0,10,2,0.0,0.0,0.0,1.0,False,seeds_ok,0.0,0.00922569999966072
djangocms-rc-e88032bf704c,TRAIN,hybrid,1,1,2,0,1,2,0.0,0.0,0.0,1.0,False,hybrid_alpha_0.5,0.12995409999984986,0.005012700000406767
djangocms-rc-e88032bf704c,TRAIN,hybrid,3,3,2,0,3,2,0.0,0.0,0.0,1.0,False,hybrid_alpha_0.5,0.12995409999984986,0.0046847000003253925
djangocms-rc-e88032bf704c,TRAIN,hybrid,5,5,2,0,5,2,0.0,0.0,0.0,1.0,False,hybrid_alpha_0.5,0.12995409999984986,0.004798300000402378
djangocms-rc-e88032bf704c,TRAIN,hybrid,10,10,2,0,10,2,0.0,0.0,0.0,1.0,False,hybrid_alpha_0.5,0.12995409999984986,0.004736799999591312
djangocms-rc-f2c367ddc7b1,TRAIN,random,1,1,1,0,1,1,0.0,0.0,0.0,1.0,False,,0.0,7.749999986117473e-05
djangocms-rc-f2c367ddc7b1,TRAIN,random,3,3,1,0,3,1,0.0,0.0,0.0,1.0,False,,0.0,9.099999988393392e-05
djangocms-rc-f2c367ddc7b1,TRAIN,random,5,5,1,0,5,1,0.0,0.0,0.0,1.0,False,,0.0,6.2199999774748e-05
djangocms-rc-f2c367ddc7b1,TRAIN,random,10,10,1,0,10,1,0.0,0.0,0.0,1.0,False,,0.0,6.469999971159268e-05
djangocms-rc-f2c367ddc7b1,TRAIN,bm25,1,1,1,0,1,1,0.0,0.0,0.0,1.0,False,,0.13911949999965145,0.009734900000694324
djangocms-rc-f2c367ddc7b1,TRAIN,bm25,3,3,1,0,3,1,0.0,0.0,0.0,1.0,False,,0.13911949999965145,0.010046200000033423
djangocms-rc-f2c367ddc7b1,TRAIN,bm25,5,5,1,0,5,1,0.0,0.0,0.0,1.0,False,,0.13911949999965145,0.009557700000186742
djangocms-rc-f2c367ddc7b1,TRAIN,bm25,10,10,1,0,10,1,0.0,0.0,0.0,1.0,False,,0.13911949999965145,0.009697899999991932
djangocms-rc-f2c367ddc7b1,TRAIN,path_token,1,1,1,0,1,1,0.0,0.0,0.0,1.0,False,,0.0,0.004420900000695838
djangocms-rc-f2c367ddc7b1,TRAIN,path_token,3,3,1,0,3,1,0.0,0.0,0.0,1.0,False,,0.0,0.004338900000220747
djangocms-rc-f2c367ddc7b1,TRAIN,path_token,5,5,1,0,5,1,0.0,0.0,0.0,1.0,False,,0.0,0.004516199999670789
djangocms-rc-f2c367ddc7b1,TRAIN,path_token,10,10,1,0,10,1,0.0,0.0,0.0,1.0,False,,0.0,0.004344599999967613
djangocms-rc-f2c367ddc7b1,TRAIN,graph,1,1,1,0,1,1,0.0,0.0,0.0,1.0,False,seeds_ok,0.0,0.00903089999974327
djangocms-rc-f2c367ddc7b1,TRAIN,graph,3,3,1,0,3,1,0.0,0.0,0.0,1.0,False,seeds_ok,0.0,0.008965899999566318
djangocms-rc-f2c367ddc7b1,TRAIN,graph,5,5,1,0,5,1,0.0,0.0,0.0,1.0,False,seeds_ok,0.0,0.009557700000186742
djangocms-rc-f2c367ddc7b1,TRAIN,graph,10,10,1,0,10,1,0.0,0.0,0.0,1.0,False,seeds_ok,0.0,0.008915200000046752
djangocms-rc-f2c367ddc7b1,TRAIN,hybrid,1,1,1,0,1,1,0.0,0.0,0.0,1.0,False,hybrid_alpha_0.5,0.13911949999965145,0.006676999999399413
djangocms-rc-f2c367ddc7b1,TRAIN,hybrid,3,3,1,0,3,1,0.0,0.0,0.0,1.0,False,hybrid_alpha_0.5,0.13911949999965145,0.004686000000219792
djangocms-rc-f2c367ddc7b1,TRAIN,hybrid,5,5,1,0,5,1,0.0,0.0,0.0,1.0,False,hybrid_alpha_0.5,0.13911949999965145,0.004691900000580063
djangocms-rc-f2c367ddc7b1,TRAIN,hybrid,10,10,1,0,10,1,0.0,0.0,0.0,1.0,False,hybrid_alpha_0.5,0.13911949999965145,0.004652599999644735
djangocms-rc-ff6cb9b5dced,TRAIN,random,1,1,3,0,1,3,0.0,0.0,0.0,1.0,False,,0.0,0.0001021999996737577
djangocms-rc-ff6cb9b5dced,TRAIN,random,3,3,3,0,3,3,0.0,0.0,0.0,1.0,False,,0.0,6.130000019766157e-05
djangocms-rc-ff6cb9b5dced,TRAIN,random,5,5,3,0,5,3,0.0,0.0,0.0,1.0,False,,0.0,6.630000007135095e-05
djangocms-rc-ff6cb9b5dced,TRAIN,random,10,10,3,0,10,3,0.0,0.0,0.0,1.0,False,,0.0,6.11000004937523e-05
djangocms-rc-ff6cb9b5dced,TRAIN,bm25,1,1,3,0,1,3,0.0,0.0,0.0,1.0,False,,0.1114780999996583,0.008117900000797817
djangocms-rc-ff6cb9b5dced,TRAIN,bm25,3,3,3,0,3,3,0.0,0.0,0.0,1.0,False,,0.1114780999996583,0.007997800000339339
djangocms-rc-ff6cb9b5dced,TRAIN,bm25,5,5,3,0,5,3,0.0,0.0,0.0,1.0,False,,0.1114780999996583,0.008070699999734643
djangocms-rc-ff6cb9b5dced,TRAIN,bm25,10,10,3,1,9,2,0.1,0.3333333333333333,0.15384615384615383,0.6666666666666666,False,,0.1114780999996583,0.008129099999678147
djangocms-rc-ff6cb9b5dced,TRAIN,path_token,1,1,3,0,1,3,0.0,0.0,0.0,1.0,False,,0.0,0.004254399999808811
djangocms-rc-ff6cb9b5dced,TRAIN,path_token,3,3,3,0,3,3,0.0,0.0,0.0,1.0,False,,0.0,0.004093900000043504
djangocms-rc-ff6cb9b5dced,TRAIN,path_token,5,5,3,1,4,2,0.2,0.3333333333333333,0.25,0.6666666666666666,False,,0.0,0.004162799999903655
djangocms-rc-ff6cb9b5dced,TRAIN,path_token,10,10,3,1,9,2,0.1,0.3333333333333333,0.15384615384615383,0.6666666666666666,False,,0.0,0.004438900000423018
djangocms-rc-ff6cb9b5dced,TRAIN,graph,1,1,3,0,1,3,0.0,0.0,0.0,1.0,False,seeds_ok,0.0,0.008524200000465498
djangocms-rc-ff6cb9b5dced,TRAIN,graph,3,3,3,0,3,3,0.0,0.0,0.0,1.0,False,seeds_ok,0.0,0.009930100000019593
djangocms-rc-ff6cb9b5dced,TRAIN,graph,5,5,3,1,4,2,0.2,0.3333333333333333,0.25,0.6666666666666666,False,seeds_ok,0.0,0.008530100000825769
djangocms-rc-ff6cb9b5dced,TRAIN,graph,10,10,3,1,9,2,0.1,0.3333333333333333,0.15384615384615383,0.6666666666666666,False,seeds_ok,0.0,0.009210299999722338
djangocms-rc-ff6cb9b5dced,TRAIN,hybrid,1,1,3,0,1,3,0.0,0.0,0.0,1.0,False,hybrid_alpha_0.5,0.1114780999996583,0.004421300000103656
djangocms-rc-ff6cb9b5dced,TRAIN,hybrid,3,3,3,0,3,3,0.0,0.0,0.0,1.0,False,hybrid_alpha_0.5,0.1114780999996583,0.005540399999517831
djangocms-rc-ff6cb9b5dced,TRAIN,hybrid,5,5,3,0,5,3,0.0,0.0,0.0,1.0,False,hybrid_alpha_0.5,0.1114780999996583,0.00437930000043707
djangocms-rc-ff6cb9b5dced,TRAIN,hybrid,10,10,3,0,10,3,0.0,0.0,0.0,1.0,False,hybrid_alpha_0.5,0.1114780999996583,0.004589000000123633
